operationNumber, size, height, averageNodeDepth, timeForOperation, operationType
0, 50001, 0, 14.862103, 0.006000, insert
5, 50001, 0, 14.862423, 0.004000, search
10, 50002, 0, 14.862785, 0.005000, search
15, 50005, 0, 14.862874, 0.007000, insert
20, 50004, 0, 14.863171, 0.005000, search
25, 50004, 0, 14.863171, 0.006000, remove
30, 50004, 0, 14.863571, 0.005000, search
35, 50006, 0, 14.863936, 0.004000, search
40, 50008, 0, 14.864342, 0.005000, search
45, 50010, 0, 14.864427, 0.008000, insert
50, 50013, 0, 14.864815, 0.005000, search
55, 50016, 0, 14.864843, 0.007000, insert
60, 50016, 0, 14.865143, 0.005000, search
65, 50017, 0, 14.865486, 0.005000, search
70, 50018, 0, 14.865908, 0.004000, search
75, 50021, 0, 14.866016, 0.007000, insert
80, 50023, 0, 14.866082, 0.007000, insert
85, 50023, 0, 14.866401, 0.004000, search
90, 50025, 0, 14.866767, 0.005000, search
95, 50027, 0, 14.866832, 0.008000, insert
100, 50030, 0, 14.866920, 0.008000, insert
105, 50033, 0, 14.866988, 0.007000, insert
110, 50033, 0, 14.867368, 0.005000, search
115, 50035, 0, 14.867413, 0.007000, remove
120, 50037, 0, 14.867798, 0.004000, search
125, 50039, 0, 14.867863, 0.007000, insert
130, 50040, 0, 14.868225, 0.005000, search
135, 50042, 0, 14.868291, 0.007000, insert
140, 50045, 0, 14.868418, 0.007000, insert
145, 50045, 0, 14.868758, 0.004000, search
150, 50050, 0, 14.868891, 0.007000, insert
155, 50051, 0, 14.869253, 0.004000, search
160, 50052, 0, 14.869256, 0.007000, remove
165, 50053, 0, 14.869578, 0.005000, search
170, 50052, 0, 14.869895, 0.005000, search
175, 50053, 0, 14.870258, 0.005000, search
180, 50055, 0, 14.870303, 0.007000, insert
185, 50057, 0, 14.870647, 0.005000, search
190, 50059, 0, 14.871012, 0.004000, search
195, 50060, 0, 14.871334, 0.005000, search
200, 50064, 0, 14.871425, 0.006000, insert
205, 50066, 0, 14.871470, 0.007000, insert
210, 50068, 0, 14.871555, 0.007000, insert
215, 50068, 0, 14.871874, 0.004000, search
220, 50071, 0, 14.871962, 0.007000, insert
225, 50072, 0, 14.872344, 0.005000, search
230, 50073, 0, 14.872686, 0.004000, search
235, 50076, 0, 14.872753, 0.007000, insert
240, 50079, 0, 14.872821, 0.007000, insert
245, 50079, 0, 14.873140, 0.005000, search
250, 50080, 0, 14.873502, 0.005000, search
255, 50083, 0, 14.873590, 0.007000, insert
260, 50083, 0, 14.873889, 0.005000, search
265, 50084, 0, 14.874251, 0.004000, search
270, 50087, 0, 14.874359, 0.007000, insert
275, 50091, 0, 14.874508, 0.007000, insert
280, 50092, 0, 14.874870, 0.005000, search
285, 50094, 0, 14.874975, 0.007000, insert
290, 50096, 0, 14.875379, 0.004000, search
295, 50100, 0, 14.875449, 0.007000, insert
300, 50103, 0, 14.875496, 0.007000, insert
305, 50106, 0, 14.875883, 0.005000, search
310, 50109, 0, 14.875990, 0.007000, insert
315, 50111, 0, 14.876035, 0.008000, insert
320, 50113, 0, 14.876120, 0.007000, insert
325, 50118, 0, 14.876212, 0.007000, insert
330, 50122, 0, 14.876322, 0.008000, insert
335, 50124, 0, 14.876686, 0.005000, search
340, 50125, 0, 14.877027, 0.004000, search
345, 50130, 0, 14.877179, 0.007000, insert
350, 50133, 0, 14.877247, 0.007000, insert
355, 50135, 0, 14.877650, 0.004000, search
360, 50136, 0, 14.877992, 0.005000, search
365, 50137, 0, 14.878333, 0.005000, search
370, 50139, 0, 14.878378, 0.008000, insert
375, 50142, 0, 14.878445, 0.007000, insert
380, 50144, 0, 14.878490, 0.007000, insert
385, 50146, 0, 14.878515, 0.008000, insert
390, 50146, 0, 14.878834, 0.003000, search
395, 50148, 0, 14.878898, 0.008000, insert
400, 50149, 0, 14.878941, 0.007000, insert
405, 50150, 0, 14.879302, 0.005000, search
410, 50151, 0, 14.879324, 0.007000, insert
415, 50153, 0, 14.879688, 0.004000, search
420, 50155, 0, 14.879773, 0.008000, insert
425, 50157, 0, 14.880057, 0.005000, search
430, 50155, 0, 14.880371, 0.004000, search
435, 50157, 0, 14.880435, 0.007000, insert
440, 50160, 0, 14.880801, 0.005000, search
445, 50159, 0, 14.881098, 0.005000, search
450, 50162, 0, 14.881165, 0.007000, insert
455, 50163, 0, 14.881506, 0.004000, search
460, 50164, 0, 14.881828, 0.005000, search
465, 50164, 0, 14.882147, 0.004000, search
470, 50165, 0, 14.882508, 0.004000, search
475, 50168, 0, 14.882575, 0.008000, insert
480, 50168, 0, 14.882893, 0.005000, search
485, 50167, 0, 14.883190, 0.005000, search
490, 50169, 0, 14.883554, 0.004000, search
495, 50169, 0, 14.883873, 0.004000, search
500, 50172, 0, 14.883919, 0.007000, insert
505, 50171, 0, 14.883897, 0.006000, remove
510, 50173, 0, 14.883942, 0.007000, insert
515, 50174, 0, 14.884263, 0.005000, search
520, 50175, 0, 14.884604, 0.004000, search
525, 50175, 0, 14.884903, 0.005000, search
530, 50177, 0, 14.885266, 0.005000, search
535, 50180, 0, 14.885313, 0.008000, insert
540, 50182, 0, 14.885656, 0.004000, search
545, 50185, 0, 14.885783, 0.007000, insert
550, 50185, 0, 14.886081, 0.005000, search
555, 50188, 0, 14.886148, 0.007000, insert
560, 50190, 0, 14.886511, 0.004000, search
565, 50190, 0, 14.886830, 0.004000, search
570, 50194, 0, 14.886939, 0.007000, insert
575, 50197, 0, 14.887005, 0.007000, insert
580, 50199, 0, 14.887368, 0.004000, search
585, 50199, 0, 14.887687, 0.005000, search
590, 50201, 0, 14.887731, 0.007000, insert
595, 50203, 0, 14.888074, 0.005000, search
600, 50204, 0, 14.888415, 0.005000, search
605, 50207, 0, 14.888522, 0.007000, insert
610, 50211, 0, 14.888650, 0.008000, insert
615, 50212, 0, 14.888672, 0.008000, insert
620, 50213, 0, 14.889013, 0.004000, search
625, 50216, 0, 14.889099, 0.007000, insert
630, 50217, 0, 14.889440, 0.004000, search
635, 50216, 0, 14.889736, 0.005000, search
640, 50219, 0, 14.889823, 0.007000, insert
645, 50220, 0, 14.890163, 0.004000, search
650, 50221, 0, 14.890504, 0.005000, search
655, 50225, 0, 14.890632, 0.007000, insert
660, 50226, 0, 14.890654, 0.007000, insert
665, 50225, 0, 14.890951, 0.004000, search
670, 50228, 0, 14.891355, 0.005000, search
675, 50232, 0, 14.891464, 0.007000, insert
680, 50235, 0, 14.891550, 0.007000, insert
685, 50239, 0, 14.891658, 0.007000, insert
690, 50240, 0, 14.891680, 0.007000, insert
695, 50241, 0, 14.892020, 0.005000, search
700, 50242, 0, 14.892023, 0.006000, remove
705, 50244, 0, 14.892087, 0.007000, insert
710, 50246, 0, 14.892489, 0.004000, search
715, 50247, 0, 14.892869, 0.005000, search
720, 50250, 0, 14.892915, 0.007000, insert
725, 50253, 0, 14.893041, 0.007000, insert
730, 50253, 0, 14.893379, 0.005000, search
735, 50254, 0, 14.893740, 0.005000, search
740, 50255, 0, 14.894060, 0.004000, search
745, 50257, 0, 14.894443, 0.005000, search
750, 50261, 0, 14.894590, 0.007000, insert
755, 50260, 0, 14.894887, 0.005000, search
760, 50260, 0, 14.895225, 0.005000, search
765, 50261, 0, 14.895525, 0.004000, search
770, 50261, 0, 14.895844, 0.005000, search
775, 50266, 0, 14.895954, 0.007000, insert
780, 50267, 0, 14.896314, 0.005000, search
785, 50269, 0, 14.896358, 0.007000, insert
790, 50272, 0, 14.896423, 0.007000, insert
795, 50272, 0, 14.896742, 0.004000, search
800, 50273, 0, 14.896764, 0.007000, remove
805, 50277, 0, 14.896911, 0.007000, insert
810, 50277, 0, 14.897229, 0.005000, search
815, 50277, 0, 14.897548, 0.005000, search
820, 50277, 0, 14.897866, 0.012000, search
825, 50280, 0, 14.897932, 0.008000, insert
830, 50283, 0, 14.897997, 0.007000, insert
835, 50286, 0, 14.898023, 0.007000, insert
840, 50287, 0, 14.898085, 0.007000, insert
845, 50288, 0, 14.898405, 0.004000, search
850, 50290, 0, 14.898429, 0.007000, insert
855, 50291, 0, 14.898789, 0.005000, search
860, 50292, 0, 14.899129, 0.005000, search
865, 50295, 0, 14.899175, 0.006000, remove
870, 50300, 0, 14.899304, 0.007000, insert
875, 50301, 0, 14.899624, 0.005000, search
880, 50302, 0, 14.899626, 0.007000, insert
885, 50305, 0, 14.899712, 0.008000, insert
890, 50306, 0, 14.900032, 0.005000, search
895, 50309, 0, 14.900097, 0.008000, insert
900, 50312, 0, 14.900183, 0.007000, insert
905, 50311, 0, 14.900161, 0.007000, remove
910, 50313, 0, 14.900622, 0.004000, search
915, 50316, 0, 14.900628, 0.007000, insert
920, 50316, 0, 14.900966, 0.004000, search
925, 50315, 0, 14.901262, 0.004000, search
930, 50319, 0, 14.901310, 0.007000, insert
935, 50322, 0, 14.901415, 0.008000, insert
940, 50325, 0, 14.901480, 0.008000, insert
945, 50327, 0, 14.901822, 0.005000, search
950, 50328, 0, 14.901864, 0.006000, remove
955, 50330, 0, 14.901888, 0.007000, insert
960, 50332, 0, 14.901931, 0.016000, insert
965, 50334, 0, 14.901975, 0.008000, insert
970, 50339, 0, 14.902104, 0.006000, insert
975, 50340, 0, 14.902106, 0.008000, insert
980, 50344, 0, 14.902173, 0.006000, insert
985, 50343, 0, 14.902469, 0.004000, search
990, 50344, 0, 14.902789, 0.005000, search
995, 50348, 0, 14.902896, 0.007000, insert
1000, 50348, 0, 14.903233, 0.005000, search
1005, 50350, 0, 14.903277, 0.006000, insert
1010, 50350, 0, 14.903615, 0.004000, search
1015, 50352, 0, 14.903658, 0.007000, insert
1020, 50351, 0, 14.903954, 0.004000, search
1025, 50353, 0, 14.904018, 0.007000, insert
1030, 50354, 0, 14.904377, 0.005000, search
1035, 50353, 0, 14.904653, 0.005000, search
1040, 50355, 0, 14.904677, 0.007000, insert
1045, 50357, 0, 14.904720, 0.008000, insert
1050, 50359, 0, 14.904784, 0.007000, insert
1055, 50363, 0, 14.904851, 0.007000, insert
1060, 50364, 0, 14.905210, 0.005000, search
1065, 50362, 0, 14.905464, 0.004000, search
1070, 50365, 0, 14.905549, 0.007000, insert
1075, 50366, 0, 14.905909, 0.005000, search
1080, 50368, 0, 14.905932, 0.007000, insert
1085, 50371, 0, 14.906017, 0.007000, insert
1090, 50372, 0, 14.906357, 0.005000, search
1095, 50372, 0, 14.906694, 0.005000, search
1100, 50375, 0, 14.906779, 0.008000, insert
1105, 50377, 0, 14.907081, 0.005000, search
1110, 50377, 0, 14.907398, 0.005000, search
1115, 50377, 0, 14.907716, 0.005000, search
1120, 50379, 0, 14.908077, 0.005000, search
1125, 50382, 0, 14.908539, 0.005000, search
1130, 50383, 0, 14.908878, 0.005000, search
1135, 50386, 0, 14.908943, 0.006000, insert
1140, 50385, 0, 14.909239, 0.005000, search
1145, 50388, 0, 14.909304, 0.007000, insert
1150, 50388, 0, 14.909621, 0.004000, search
1155, 50390, 0, 14.909625, 0.008000, insert
1160, 50389, 0, 14.909663, 0.006000, remove
1165, 50392, 0, 14.909748, 0.007000, insert
1170, 50396, 0, 14.909794, 0.006000, insert
1175, 50400, 0, 14.909821, 0.007000, insert
1180, 50403, 0, 14.909886, 0.008000, insert
1185, 50407, 0, 14.909993, 0.008000, insert
1190, 50410, 0, 14.910097, 0.008000, insert
1195, 50412, 0, 14.910458, 0.004000, search
1200, 50412, 0, 14.910795, 0.005000, search
1205, 50417, 0, 14.910982, 0.007000, insert
1210, 50417, 0, 14.911320, 0.005000, search
1215, 50419, 0, 14.911660, 0.004000, search
1220, 50420, 0, 14.911999, 0.002000, search
1225, 50422, 0, 14.912399, 0.003000, search
1230, 50423, 0, 14.912758, 0.005000, search
1235, 50424, 0, 14.913077, 0.004000, search
1240, 50425, 0, 14.913436, 0.005000, search
1245, 50425, 0, 14.913773, 0.004000, search
1250, 50426, 0, 14.913814, 0.008000, insert
1255, 50428, 0, 14.914214, 0.004000, search
1260, 50429, 0, 14.914573, 0.005000, search
1265, 50433, 0, 14.914639, 0.006000, insert
1270, 50432, 0, 14.914955, 0.004000, search
1275, 50432, 0, 14.915272, 0.005000, search
1280, 50436, 0, 14.915358, 0.007000, insert
1285, 50440, 0, 14.915424, 0.008000, insert
1290, 50443, 0, 14.915509, 0.008000, insert
1295, 50446, 0, 14.915613, 0.007000, insert
1300, 50446, 0, 14.915930, 0.005000, search
1305, 50448, 0, 14.915993, 0.007000, insert
1310, 50449, 0, 14.916371, 0.005000, search
1315, 50449, 0, 14.916668, 0.004000, search
1320, 50448, 0, 14.916944, 0.005000, search
1325, 50447, 0, 14.917240, 0.005000, search
1330, 50451, 0, 14.917346, 0.007000, insert
1335, 50452, 0, 14.917644, 0.004000, search
1340, 50455, 0, 14.917689, 0.007000, insert
1345, 50458, 0, 14.917773, 0.006000, insert
1350, 50460, 0, 14.917776, 0.007000, insert
1355, 50459, 0, 14.918072, 0.005000, search
1360, 50461, 0, 14.918432, 0.004000, search
1365, 50464, 0, 14.918536, 0.006000, remove
1370, 50466, 0, 14.918579, 0.007000, insert
1375, 50470, 0, 14.918665, 0.007000, insert
1380, 50470, 0, 14.918982, 0.005000, search
1385, 50475, 0, 14.919089, 0.007000, insert
1390, 50476, 0, 14.919110, 0.007000, insert
1395, 50476, 0, 14.919407, 0.004000, search
1400, 50479, 0, 14.919511, 0.007000, insert
1405, 50479, 0, 14.919848, 0.004000, search
1410, 50481, 0, 14.919930, 0.007000, insert
1415, 50485, 0, 14.919996, 0.006000, insert
1420, 50485, 0, 14.920313, 0.004000, search
1425, 50486, 0, 14.920651, 0.004000, search
1430, 50489, 0, 14.920676, 0.007000, insert
1435, 50492, 0, 14.920740, 0.007000, insert
1440, 50493, 0, 14.921058, 0.004000, search
1445, 50492, 0, 14.921354, 0.005000, search
1450, 50491, 0, 14.921649, 0.004000, search
1455, 50494, 0, 14.921733, 0.007000, insert
1460, 50498, 0, 14.921838, 0.007000, insert
1465, 50500, 0, 14.922238, 0.005000, search
1470, 50501, 0, 14.922596, 0.004000, search
1475, 50503, 0, 14.922678, 0.008000, insert
1480, 50504, 0, 14.922976, 0.005000, search
1485, 50505, 0, 14.923354, 0.005000, search
1490, 50508, 0, 14.923418, 0.007000, insert
1495, 50509, 0, 14.923776, 0.004000, search
1500, 50510, 0, 14.924114, 0.005000, search
1505, 50512, 0, 14.924236, 0.008000, insert
1510, 50512, 0, 14.924513, 0.005000, search
1515, 50515, 0, 14.924597, 0.007000, insert
1520, 50518, 0, 14.924680, 0.007000, insert
1525, 50519, 0, 14.924721, 0.007000, insert
1530, 50524, 0, 14.924867, 0.007000, insert
1535, 50525, 0, 14.925166, 0.006000, search
1540, 50526, 0, 14.925523, 0.004000, search
1545, 50529, 0, 14.925627, 0.007000, insert
1550, 50530, 0, 14.925965, 0.005000, search
1555, 50532, 0, 14.926363, 0.005000, search
1560, 50535, 0, 14.926427, 0.006000, insert
1565, 50537, 0, 14.926470, 0.007000, insert
1570, 50539, 0, 14.926532, 0.007000, insert
1575, 50541, 0, 14.926911, 0.005000, search
1580, 50542, 0, 14.927288, 0.005000, search
1585, 50542, 0, 14.927605, 0.004000, search
1590, 50546, 0, 14.927690, 0.007000, insert
1595, 50549, 0, 14.927773, 0.007000, insert
1600, 50553, 0, 14.927858, 0.007000, insert
1605, 50554, 0, 14.927899, 0.008000, insert
1610, 50559, 0, 14.928005, 0.006000, insert
1615, 50560, 0, 14.928382, 0.004000, search
1620, 50563, 0, 14.928485, 0.008000, insert
1625, 50564, 0, 14.928823, 0.004000, search
1630, 50565, 0, 14.929160, 0.005000, search
1635, 50567, 0, 14.929618, 0.005000, search
1640, 50569, 0, 14.929700, 0.007000, insert
1645, 50570, 0, 14.930018, 0.004000, search
1650, 50572, 0, 14.930337, 0.005000, search
1655, 50573, 0, 14.930398, 0.007000, insert
1660, 50573, 0, 14.930734, 0.005000, search
1665, 50578, 0, 14.930820, 0.008000, insert
1670, 50581, 0, 14.930903, 0.007000, insert
1675, 50580, 0, 14.931198, 0.005000, search
1680, 50582, 0, 14.931557, 0.004000, search
1685, 50582, 0, 14.931537, 0.008000, insert
1690, 50583, 0, 14.931894, 0.005000, search
1695, 50585, 0, 14.931936, 0.008000, insert
1700, 50589, 0, 14.932021, 0.007000, insert
1705, 50592, 0, 14.932104, 0.008000, insert
1710, 50592, 0, 14.932440, 0.004000, search
1715, 50593, 0, 14.932777, 0.004000, search
1720, 50594, 0, 14.933134, 0.005000, search
1725, 50595, 0, 14.933491, 0.004000, search
1730, 50597, 0, 14.933870, 0.004000, search
1735, 50599, 0, 14.933932, 0.007000, insert
1740, 50601, 0, 14.933974, 0.006000, insert
1745, 50602, 0, 14.934311, 0.005000, search
1750, 50604, 0, 14.934294, 0.007000, insert
1755, 50608, 0, 14.934417, 0.007000, insert
1760, 50609, 0, 14.934458, 0.008000, insert
1765, 50610, 0, 14.934815, 0.004000, search
1770, 50613, 0, 14.934898, 0.007000, insert
1775, 50614, 0, 14.935275, 0.005000, search
1780, 50615, 0, 14.935612, 0.004000, search
1785, 50618, 0, 14.935655, 0.008000, insert
1790, 50618, 0, 14.935971, 0.005000, search
1795, 50619, 0, 14.936328, 0.005000, search
1800, 50622, 0, 14.936431, 0.007000, insert
1805, 50622, 0, 14.936767, 0.004000, search
1810, 50625, 0, 14.936790, 0.006000, insert
1815, 50629, 0, 14.936874, 0.007000, insert
1820, 50634, 0, 14.936979, 0.007000, insert
1825, 50635, 0, 14.937296, 0.004000, search
1830, 50638, 0, 14.937340, 0.007000, insert
1835, 50641, 0, 14.937738, 0.005000, search
1840, 50641, 0, 14.938034, 0.004000, search
1845, 50643, 0, 14.938412, 0.005000, search
1850, 50643, 0, 14.938748, 0.004000, search
1855, 50647, 0, 14.938832, 0.007000, insert
1860, 50651, 0, 14.938935, 0.007000, insert
1865, 50653, 0, 14.939273, 0.004000, search
1870, 50657, 0, 14.939317, 0.008000, insert
1875, 50658, 0, 14.939674, 0.005000, search
1880, 50662, 0, 14.939777, 0.007000, insert
1885, 50663, 0, 14.940134, 0.004000, search
1890, 50662, 0, 14.940133, 0.007000, remove
1895, 50661, 0, 14.940428, 0.004000, search
1900, 50660, 0, 14.940722, 0.004000, search
1905, 50662, 0, 14.941080, 0.004000, search
1910, 50664, 0, 14.941457, 0.004000, search
1915, 50667, 0, 14.941796, 0.005000, search
1920, 50671, 0, 14.941880, 0.007000, insert
1925, 50671, 0, 14.942196, 0.004000, search
1930, 50675, 0, 14.942299, 0.006000, insert
1935, 50675, 0, 14.942634, 0.004000, search
1940, 50677, 0, 14.942992, 0.004000, search
1945, 50678, 0, 14.943013, 0.007000, insert
1950, 50680, 0, 14.943429, 0.004000, search
1955, 50679, 0, 14.943704, 0.005000, search
1960, 50679, 0, 14.944020, 0.005000, search
1965, 50683, 0, 14.944104, 0.007000, insert
1970, 50684, 0, 14.944440, 0.004000, search
1975, 50687, 0, 14.944483, 0.007000, insert
1980, 50691, 0, 14.944566, 0.007000, insert
1985, 50695, 0, 14.944630, 0.008000, insert
1990, 50696, 0, 14.944611, 0.007000, insert
1995, 50698, 0, 14.944633, 0.008000, insert
2000, 50699, 0, 14.944930, 0.004000, search
2005, 50702, 0, 14.945012, 0.007000, insert
2010, 50703, 0, 14.945368, 0.004000, search
2015, 50705, 0, 14.945429, 0.007000, insert
2020, 50708, 0, 14.945492, 0.007000, insert
2025, 50709, 0, 14.945848, 0.004000, search
2030, 50712, 0, 14.945930, 0.007000, insert
2035, 50714, 0, 14.946287, 0.005000, search
2040, 50717, 0, 14.946389, 0.007000, insert
2045, 50720, 0, 14.946471, 0.007000, insert
2050, 50723, 0, 14.946553, 0.007000, insert
2055, 50724, 0, 14.946574, 0.006000, remove
2060, 50727, 0, 14.946636, 0.008000, insert
2065, 50730, 0, 14.946698, 0.007000, insert
2070, 50730, 0, 14.946994, 0.004000, search
2075, 50732, 0, 14.946996, 0.006000, insert
2080, 50733, 0, 14.947332, 0.004000, search
2085, 50734, 0, 14.947688, 0.005000, search
2090, 50735, 0, 14.948044, 0.004000, search
2095, 50736, 0, 14.948419, 0.005000, search
2100, 50740, 0, 14.948522, 0.007000, insert
2105, 50741, 0, 14.948838, 0.005000, search
2110, 50745, 0, 14.948960, 0.008000, insert
2115, 50746, 0, 14.949296, 0.004000, search
2120, 50749, 0, 14.949378, 0.007000, insert
2125, 50749, 0, 14.949713, 0.004000, search
2130, 50752, 0, 14.950110, 0.004000, search
2135, 50753, 0, 14.950190, 0.007000, insert
2140, 50754, 0, 14.950506, 0.004000, search
2145, 50756, 0, 14.950587, 0.007000, insert
2150, 50758, 0, 14.950628, 0.007000, insert
2155, 50759, 0, 14.950964, 0.005000, search
2160, 50762, 0, 14.951046, 0.007000, insert
2165, 50766, 0, 14.951129, 0.008000, insert
2170, 50766, 0, 14.951424, 0.005000, search
2175, 50767, 0, 14.951780, 0.004000, search
2180, 50770, 0, 14.951861, 0.007000, insert
2185, 50770, 0, 14.952236, 0.005000, search
2190, 50772, 0, 14.952257, 0.007000, insert
2195, 50774, 0, 14.952279, 0.007000, insert
2200, 50774, 0, 14.952554, 0.004000, search
2205, 50775, 0, 14.952890, 0.005000, search
2210, 50776, 0, 14.953226, 0.005000, search
2215, 50777, 0, 14.953562, 0.005000, search
2220, 50780, 0, 14.953978, 0.004000, search
2225, 50780, 0, 14.954293, 0.005000, search
2230, 50780, 0, 14.954608, 0.004000, search
2235, 50781, 0, 14.954629, 0.007000, insert
2240, 50782, 0, 14.954610, 0.007000, remove
2245, 50782, 0, 14.954905, 0.004000, search
2250, 50783, 0, 14.955241, 0.004000, search
2255, 50784, 0, 14.955577, 0.004000, search
2260, 50788, 0, 14.955698, 0.008000, insert
2265, 50790, 0, 14.955739, 0.007000, insert
2270, 50792, 0, 14.955780, 0.007000, insert
2275, 50796, 0, 14.955902, 0.007000, insert
2280, 50799, 0, 14.956003, 0.007000, insert
2285, 50804, 0, 14.956126, 0.007000, insert
2290, 50807, 0, 14.956187, 0.007000, insert
2295, 50810, 0, 14.956268, 0.007000, insert
2300, 50812, 0, 14.956290, 0.007000, insert
2305, 50815, 0, 14.956351, 0.008000, insert
2310, 50818, 0, 14.956433, 0.007000, insert
2315, 50820, 0, 14.956808, 0.005000, search
2320, 50823, 0, 14.956850, 0.008000, insert
2325, 50824, 0, 14.956871, 0.007000, insert
2330, 50824, 0, 14.956871, 0.003000, insert
2335, 50827, 0, 14.956913, 0.003000, insert
2340, 50830, 0, 14.957309, 0.001000, search
2345, 50830, 0, 14.957643, 0.002000, search
2350, 50830, 0, 14.957978, 0.002000, search
2355, 50832, 0, 14.958333, 0.002000, search
2360, 50833, 0, 14.958669, 0.001000, search
2365, 50836, 0, 14.958750, 0.003000, insert
2370, 50839, 0, 14.958850, 0.003000, insert
2375, 50840, 0, 14.959186, 0.002000, search
2380, 50842, 0, 14.959227, 0.007000, insert
2385, 50846, 0, 14.959309, 0.008000, insert
2390, 50849, 0, 14.959350, 0.007000, insert
2395, 50851, 0, 14.959391, 0.008000, insert
2400, 50852, 0, 14.959412, 0.007000, insert
2405, 50854, 0, 14.959433, 0.007000, insert
2410, 50856, 0, 14.959808, 0.004000, search
2415, 50854, 0, 14.960082, 0.004000, search
2420, 50854, 0, 14.960416, 0.004000, search
2425, 50855, 0, 14.960397, 0.007000, insert
2430, 50857, 0, 14.960477, 0.008000, insert
2435, 50859, 0, 14.960518, 0.007000, insert
2440, 50861, 0, 14.960854, 0.005000, search
2445, 50861, 0, 14.961169, 0.004000, search
2450, 50863, 0, 14.961524, 0.005000, search
2455, 50865, 0, 14.961860, 0.004000, search
2460, 50867, 0, 14.961920, 0.008000, insert
2465, 50867, 0, 14.962255, 0.004000, search
2470, 50867, 0, 14.962589, 0.005000, search
2475, 50869, 0, 14.962964, 0.004000, search
2480, 50871, 0, 14.963378, 0.005000, search
2485, 50873, 0, 14.963694, 0.005000, search
2490, 50873, 0, 14.964028, 0.004000, search
2495, 50876, 0, 14.964109, 0.007000, insert
2500, 50877, 0, 14.964463, 0.005000, search
2505, 50879, 0, 14.964799, 0.004000, search
2510, 50883, 0, 14.964920, 0.007000, insert
2515, 50884, 0, 14.965274, 0.004000, search
2520, 50886, 0, 14.965295, 0.008000, insert
2525, 50887, 0, 14.965335, 0.007000, insert
2530, 50889, 0, 14.965395, 0.007000, insert
2535, 50890, 0, 14.965730, 0.004000, search
2540, 50890, 0, 14.966064, 0.005000, search
2545, 50892, 0, 14.966124, 0.007000, insert
2550, 50894, 0, 14.966165, 0.007000, insert
2555, 50896, 0, 14.966206, 0.007000, insert
2560, 50898, 0, 14.966266, 0.007000, insert
2565, 50901, 0, 14.966346, 0.008000, insert
2570, 50903, 0, 14.966407, 0.007000, insert
2575, 50905, 0, 14.966762, 0.005000, search
2580, 50905, 0, 14.967096, 0.005000, search
2585, 50904, 0, 14.967409, 0.005000, search
2590, 50903, 0, 14.967684, 0.004000, search
2595, 50906, 0, 14.968059, 0.005000, search
2600, 50906, 0, 14.968412, 0.004000, search
2605, 50908, 0, 14.968728, 0.005000, search
2610, 50909, 0, 14.968768, 0.007000, insert
2615, 50908, 0, 14.969062, 0.005000, search
2620, 50909, 0, 14.969357, 0.004000, search
2625, 50910, 0, 14.969731, 0.005000, search
2630, 50912, 0, 14.969791, 0.006000, insert
2635, 50916, 0, 14.969931, 0.006000, insert
2640, 50916, 0, 14.970265, 0.004000, search
2645, 50919, 0, 14.970325, 0.007000, insert
2650, 50923, 0, 14.970426, 0.008000, insert
2655, 50926, 0, 14.970487, 0.007000, insert
2660, 50929, 0, 14.970547, 0.008000, insert
2665, 50930, 0, 14.970901, 0.004000, search
2670, 50933, 0, 14.970923, 0.006000, insert
2675, 50934, 0, 14.971257, 0.004000, search
2680, 50938, 0, 14.971357, 0.007000, insert
2685, 50940, 0, 14.971712, 0.004000, search
2690, 50943, 0, 14.971792, 0.008000, insert
2695, 50944, 0, 14.972146, 0.004000, search
2700, 50946, 0, 14.972520, 0.005000, search
2705, 50949, 0, 14.972561, 0.007000, insert
2710, 50948, 0, 14.972855, 0.004000, search
2715, 50949, 0, 14.973209, 0.005000, search
2720, 50952, 0, 14.973622, 0.005000, search
2725, 50955, 0, 14.973997, 0.005000, search
2730, 50958, 0, 14.974057, 0.007000, insert
2735, 50959, 0, 14.974097, 0.006000, remove
2740, 50961, 0, 14.974451, 0.005000, search
2745, 50963, 0, 14.974491, 0.003000, insert
2750, 50963, 0, 14.974511, 0.003000, insert
2755, 50961, 0, 14.974804, 0.001000, search
2760, 50963, 0, 14.974805, 0.003000, insert
2765, 50966, 0, 14.975238, 0.002000, search
2770, 50969, 0, 14.975632, 0.002000, search
2775, 50972, 0, 14.975693, 0.003000, insert
2780, 50974, 0, 14.975733, 0.003000, insert
2785, 50977, 0, 14.976068, 0.002000, search
2790, 50977, 0, 14.976362, 0.002000, search
2795, 50979, 0, 14.976677, 0.002000, search
2800, 50980, 0, 14.977050, 0.002000, search
2805, 50982, 0, 14.977423, 0.002000, search
2810, 50982, 0, 14.977737, 0.002000, search
2815, 50985, 0, 14.977856, 0.003000, insert
2820, 50986, 0, 14.978190, 0.002000, search
2825, 50985, 0, 14.978484, 0.002000, search
2830, 50987, 0, 14.978563, 0.003000, insert
2835, 50990, 0, 14.978643, 0.003000, insert
2840, 50993, 0, 14.978742, 0.003000, insert
2845, 50992, 0, 14.979036, 0.002000, search
2850, 50992, 0, 14.979369, 0.003000, search
2855, 50992, 0, 14.979703, 0.002000, search
2860, 50996, 0, 14.979763, 0.003000, insert
2865, 50998, 0, 14.979803, 0.004000, insert
2870, 51000, 0, 14.979824, 0.004000, insert
2875, 51001, 0, 14.980196, 0.002000, search
2880, 51004, 0, 14.980256, 0.003000, insert
2885, 51007, 0, 14.980336, 0.004000, insert
2890, 51011, 0, 14.980377, 0.004000, insert
2895, 51011, 0, 14.980690, 0.002000, search
2900, 51015, 0, 14.980751, 0.003000, insert
2905, 51017, 0, 14.981124, 0.002000, search
2910, 51019, 0, 14.981203, 0.004000, insert
2915, 51021, 0, 14.981243, 0.003000, insert
2920, 51021, 0, 14.981576, 0.002000, search
2925, 51022, 0, 14.981890, 0.012000, search
2930, 51023, 0, 14.982204, 0.001000, search
2935, 51027, 0, 14.982323, 0.003000, insert
2940, 51027, 0, 14.982637, 0.002000, search
2945, 51027, 0, 14.982950, 0.001000, search
2950, 51025, 0, 14.983224, 0.001000, search
2955, 51028, 0, 14.983303, 0.006000, insert
2960, 51031, 0, 14.983383, 0.006000, insert
2965, 51031, 0, 14.983696, 0.002000, search
2970, 51031, 0, 14.984029, 0.001000, search
2975, 51035, 0, 14.984089, 0.003000, insert
2980, 51034, 0, 14.984383, 0.002000, search
2985, 51035, 0, 14.984697, 0.002000, search
2990, 51037, 0, 14.985070, 0.001000, search
2995, 51039, 0, 14.985109, 0.012000, insert
3000, 51043, 0, 14.985228, 0.002000, insert
3005, 51044, 0, 14.985542, 0.002000, search
3010, 51047, 0, 14.985621, 0.003000, insert
3015, 51048, 0, 14.985954, 0.002000, search
3020, 51050, 0, 14.986327, 0.002000, search
3025, 51053, 0, 14.986406, 0.003000, insert
3030, 51057, 0, 14.986466, 0.003000, insert
3035, 51060, 0, 14.986506, 0.003000, insert
3040, 51061, 0, 14.986859, 0.002000, search
3045, 51064, 0, 14.987193, 0.002000, search
3050, 51064, 0, 14.987506, 0.002000, search
3055, 51067, 0, 14.987898, 0.002000, search
3060, 51071, 0, 14.988036, 0.002000, insert
3065, 51072, 0, 14.988036, 0.012000, insert
3070, 51072, 0, 14.988350, 0.003000, search
3075, 51073, 0, 14.988702, 0.002000, search
3080, 51075, 0, 14.988762, 0.004000, insert
3085, 51079, 0, 14.988860, 0.003000, insert
3090, 51080, 0, 14.989174, 0.003000, search
3095, 51084, 0, 14.989253, 0.013000, insert
3100, 51085, 0, 14.989312, 0.005000, insert
3105, 51089, 0, 14.989411, 0.012000, insert
3110, 51088, 0, 14.989743, 0.001000, search
3115, 51090, 0, 14.990115, 0.002000, search
3120, 51091, 0, 14.990468, 0.002000, search
3125, 51094, 0, 14.990586, 0.002000, insert
3130, 51097, 0, 14.990606, 0.002000, insert
3135, 51096, 0, 14.990899, 0.001000, search
3140, 51095, 0, 14.991193, 0.001000, search
3145, 51097, 0, 14.991232, 0.002000, insert
3150, 51097, 0, 14.991545, 0.002000, search
3155, 51102, 0, 14.991644, 0.002000, insert
3160, 51106, 0, 14.991762, 0.002000, insert
3165, 51110, 0, 14.991841, 0.002000, insert
3170, 51111, 0, 14.991900, 0.002000, insert
3175, 51114, 0, 14.992253, 0.002000, search
3180, 51114, 0, 14.992566, 0.001000, search
3185, 51115, 0, 14.992585, 0.003000, insert
3190, 51118, 0, 14.992644, 0.002000, insert
3195, 51119, 0, 14.992997, 0.001000, search
3200, 51121, 0, 14.993036, 0.002000, remove
3205, 51123, 0, 14.993408, 0.001000, search
3210, 51123, 0, 14.993721, 0.001000, search
3215, 51127, 0, 14.993839, 0.003000, insert
3220, 51129, 0, 14.993859, 0.002000, insert
3225, 51130, 0, 14.994211, 0.002000, search
3230, 51134, 0, 14.994329, 0.003000, insert
3235, 51135, 0, 14.994661, 0.001000, search
3240, 51138, 0, 14.994740, 0.004000, insert
3245, 51140, 0, 14.995111, 0.002000, search
3250, 51140, 0, 14.995424, 0.002000, search
3255, 51144, 0, 14.995542, 0.002000, insert
3260, 51147, 0, 14.995601, 0.003000, insert
3265, 51148, 0, 14.995972, 0.001000, search
3270, 51151, 0, 14.996051, 0.003000, insert
3275, 51153, 0, 14.996051, 0.003000, insert
3280, 51155, 0, 14.996481, 0.002000, search
3285, 51157, 0, 14.996481, 0.002000, insert
3290, 51161, 0, 14.996540, 0.003000, insert
3295, 51163, 0, 14.996599, 0.002000, insert
3300, 51168, 0, 14.996736, 0.003000, insert
3305, 51169, 0, 14.997108, 0.002000, search
3310, 51170, 0, 14.997420, 0.002000, search
3315, 51169, 0, 14.997401, 0.003000, insert
3320, 51172, 0, 14.997479, 0.003000, insert
3325, 51175, 0, 14.997577, 0.002000, insert
3330, 51174, 0, 14.997870, 0.001000, search
3335, 51176, 0, 14.997929, 0.003000, insert
3340, 51178, 0, 14.998007, 0.002000, insert
3345, 51179, 0, 14.998378, 0.001000, search
3350, 51181, 0, 14.998437, 0.003000, insert
3355, 51182, 0, 14.998750, 0.002000, search
3360, 51184, 0, 14.998789, 0.002000, insert
3365, 51185, 0, 14.999101, 0.001000, search
3370, 51188, 0, 14.999179, 0.003000, insert
3375, 51189, 0, 14.999512, 0.002000, search
3380, 51190, 0, 14.999844, 0.002000, search
3385, 51193, 0, 15.000000, 0.003000, insert
3390, 51195, 0, 15.000449, 0.001000, search
3395, 51197, 0, 15.000820, 0.001000, search
3400, 51193, 0, 15.001074, 0.001000, search
3405, 51195, 0, 15.001465, 0.001000, search
3410, 51194, 0, 15.001758, 0.001000, search
3415, 51198, 0, 15.001856, 0.003000, insert
3420, 51199, 0, 15.002207, 0.001000, search
3425, 51202, 0, 15.002266, 0.003000, insert
3430, 51202, 0, 15.002598, 0.002000, search
3435, 51205, 0, 15.002656, 0.003000, insert
3440, 51208, 0, 15.003027, 0.002000, search
3445, 51212, 0, 15.003085, 0.004000, insert
3450, 51214, 0, 15.003437, 0.002000, search
3455, 51216, 0, 15.003495, 0.013000, insert
3460, 51217, 0, 15.003846, 0.002000, search
3465, 51217, 0, 15.003846, 0.012000, remove
3470, 51218, 0, 15.004178, 0.002000, search
3475, 51218, 0, 15.004452, 0.002000, search
3480, 51218, 0, 15.004783, 0.002000, search
3485, 51217, 0, 15.005076, 0.002000, search
3490, 51220, 0, 15.005174, 0.004000, insert
3495, 51221, 0, 15.005525, 0.002000, search
3500, 51223, 0, 15.005564, 0.012000, insert
3505, 51227, 0, 15.005642, 0.003000, insert
3510, 51228, 0, 15.005680, 0.003000, remove
3515, 51229, 0, 15.006032, 0.002000, search
3520, 51229, 0, 15.006344, 0.002000, search
3525, 51227, 0, 15.006364, 0.012000, remove
3530, 51228, 0, 15.006715, 0.002000, search
3535, 51230, 0, 15.007008, 0.003000, search
3540, 51231, 0, 15.007320, 0.002000, search
3545, 51234, 0, 15.007378, 0.003000, insert
3550, 51235, 0, 15.007690, 0.002000, search
3555, 51236, 0, 15.008041, 0.002000, search
3560, 51236, 0, 15.008354, 0.002000, search
3565, 51237, 0, 15.008724, 0.002000, search
3570, 51240, 0, 15.008782, 0.012000, insert
3575, 51241, 0, 15.009114, 0.002000, search
3580, 51243, 0, 15.009465, 0.002000, search
3585, 51246, 0, 15.009523, 0.003000, insert
3590, 51250, 0, 15.009639, 0.003000, insert
3595, 51251, 0, 15.010010, 0.002000, search
3600, 51250, 0, 15.010302, 0.002000, search
3605, 51254, 0, 15.010399, 0.004000, insert
3610, 51255, 0, 15.010399, 0.012000, insert
3615, 51258, 0, 15.010496, 0.004000, insert
3620, 51260, 0, 15.010866, 0.002000, search
3625, 51263, 0, 15.010905, 0.003000, insert
3630, 51266, 0, 15.010962, 0.013000, insert
3635, 51269, 0, 15.011020, 0.003000, insert
3640, 51271, 0, 15.011351, 0.002000, search
3645, 51274, 0, 15.011741, 0.002000, search
3650, 51275, 0, 15.011741, 0.004000, insert
3655, 51278, 0, 15.011779, 0.003000, insert
3660, 51281, 0, 15.011837, 0.012000, insert
3665, 51281, 0, 15.012149, 0.002000, search
3670, 51281, 0, 15.012480, 0.002000, search
3675, 51282, 0, 15.012792, 0.003000, search
3680, 51285, 0, 15.012889, 0.003000, insert
3685, 51288, 0, 15.012966, 0.004000, insert
3690, 51291, 0, 15.013024, 0.003000, insert
3695, 51291, 0, 15.013316, 0.002000, search
3700, 51293, 0, 15.013686, 0.002000, search
3705, 51295, 0, 15.013705, 0.003000, insert
3710, 51298, 0, 15.013724, 0.004000, insert
3715, 51300, 0, 15.013743, 0.003000, insert
3720, 51301, 0, 15.014054, 0.002000, search
3725, 51303, 0, 15.014093, 0.004000, insert
3730, 51305, 0, 15.014443, 0.001000, search
3735, 51308, 0, 15.014481, 0.013000, insert
3740, 51309, 0, 15.014812, 0.002000, search
3745, 51312, 0, 15.014909, 0.003000, insert
3750, 51315, 0, 15.014986, 0.003000, insert
3755, 51317, 0, 15.015375, 0.002000, search
3760, 51319, 0, 15.015745, 0.002000, search
3765, 51321, 0, 15.016134, 0.002000, search
3770, 51323, 0, 15.016192, 0.013000, insert
3775, 51327, 0, 15.016268, 0.003000, insert
3780, 51329, 0, 15.016287, 0.003000, insert
3785, 51329, 0, 15.016579, 0.002000, search
3790, 51333, 0, 15.016675, 0.004000, insert
3795, 51335, 0, 15.016733, 0.012000, insert
3800, 51338, 0, 15.016810, 0.012000, insert
3805, 51341, 0, 15.016829, 0.003000, insert
3810, 51343, 0, 15.017179, 0.002000, search
3815, 51346, 0, 15.017255, 0.003000, insert
3820, 51348, 0, 15.017644, 0.001000, search
3825, 51351, 0, 15.017702, 0.003000, insert
3830, 51356, 0, 15.017817, 0.004000, insert
3835, 51357, 0, 15.018128, 0.002000, search
3840, 51357, 0, 15.018440, 0.002000, search
3845, 51359, 0, 15.018789, 0.002000, search
3850, 51361, 0, 15.018847, 0.012000, insert
3855, 51361, 0, 15.019159, 0.002000, search
3860, 51364, 0, 15.019235, 0.004000, insert
3865, 51367, 0, 15.019312, 0.003000, insert
3870, 51368, 0, 15.019643, 0.002000, search
3875, 51371, 0, 15.019680, 0.012000, insert
3880, 51371, 0, 15.019992, 0.002000, search
3885, 51371, 0, 15.020303, 0.002000, search
3890, 51376, 0, 15.020399, 0.003000, insert
3895, 51375, 0, 15.020691, 0.003000, search
3900, 51375, 0, 15.021002, 0.002000, search
3905, 51376, 0, 15.021021, 0.003000, remove
3910, 51378, 0, 15.021390, 0.002000, search
3915, 51379, 0, 15.021721, 0.002000, search
3920, 51383, 0, 15.021817, 0.003000, insert
3925, 51386, 0, 15.021874, 0.003000, insert
3930, 51386, 0, 15.022204, 0.002000, search
3935, 51388, 0, 15.022223, 0.012000, insert
3940, 51389, 0, 15.022592, 0.002000, search
3945, 51389, 0, 15.022865, 0.002000, search
3950, 51390, 0, 15.023195, 0.002000, search
3955, 51391, 0, 15.023545, 0.002000, search
3960, 51395, 0, 15.023602, 0.003000, insert
3965, 51398, 0, 15.023989, 0.003000, search
3970, 51402, 0, 15.024085, 0.004000, insert
3975, 51403, 0, 15.024123, 0.002000, insert
3980, 51404, 0, 15.024473, 0.003000, search
3985, 51404, 0, 15.024823, 0.002000, search
3990, 51406, 0, 15.025211, 0.002000, search
3995, 51406, 0, 15.025542, 0.002000, search
4000, 51408, 0, 15.025871, 0.002000, search
4005, 51411, 0, 15.025948, 0.012000, insert
4010, 51415, 0, 15.026024, 0.003000, insert
4015, 51417, 0, 15.026042, 0.003000, insert
4020, 51421, 0, 15.026157, 0.003000, insert
4025, 51422, 0, 15.026467, 0.002000, search
4030, 51422, 0, 15.026681, 0.002000, search
4035, 51426, 0, 15.026912, 0.006000, insert
4040, 51427, 0, 15.027262, 0.002000, search
4045, 51430, 0, 15.027260, 0.003000, insert
4050, 51431, 0, 15.027571, 0.002000, search
4055, 51433, 0, 15.027628, 0.003000, insert
4060, 51435, 0, 15.028016, 0.003000, search
4065, 51435, 0, 15.028016, 0.005000, remove
4070, 51435, 0, 15.028346, 0.002000, search
4075, 51439, 0, 15.028364, 0.003000, insert
4080, 51441, 0, 15.028751, 0.001000, search
4085, 51444, 0, 15.029119, 0.002000, search
4090, 51444, 0, 15.029449, 0.002000, search
4095, 51447, 0, 15.029798, 0.001000, search
4100, 51450, 0, 15.029854, 0.003000, insert
4105, 51452, 0, 15.029911, 0.003000, insert
4110, 51454, 0, 15.030221, 0.001000, search
4115, 51456, 0, 15.030259, 0.002000, insert
4120, 51460, 0, 15.030334, 0.002000, insert
4125, 51462, 0, 15.030391, 0.002000, insert
4130, 51467, 0, 15.030447, 0.002000, insert
4135, 51470, 0, 15.030542, 0.003000, insert
4140, 51474, 0, 15.030656, 0.003000, insert
4145, 51476, 0, 15.030713, 0.003000, insert
4150, 51479, 0, 15.030750, 0.013000, insert
4155, 51480, 0, 15.031080, 0.003000, search
4160, 51482, 0, 15.031157, 0.013000, insert
4165, 51486, 0, 15.031251, 0.003000, insert
4170, 51490, 0, 15.031365, 0.003000, insert
4175, 51492, 0, 15.031714, 0.002000, search
4180, 51493, 0, 15.032043, 0.003000, search
4185, 51494, 0, 15.032392, 0.002000, search
4190, 51496, 0, 15.032410, 0.014000, insert
4195, 51497, 0, 15.032720, 0.003000, search
4200, 51498, 0, 15.033069, 0.004000, search
4205, 51500, 0, 15.033379, 0.003000, search
4210, 51502, 0, 15.033785, 0.001000, search
4215, 51506, 0, 15.033880, 0.003000, insert
4220, 51509, 0, 15.033916, 0.002000, insert
4225, 51511, 0, 15.034303, 0.002000, search
4230, 51515, 0, 15.034378, 0.002000, insert
4235, 51516, 0, 15.034378, 0.002000, remove
4240, 51516, 0, 15.034708, 0.001000, search
4245, 51517, 0, 15.035018, 0.001000, search
4250, 51519, 0, 15.035055, 0.003000, insert
4255, 51520, 0, 15.035404, 0.002000, search
4260, 51522, 0, 15.035732, 0.001000, search
4265, 51521, 0, 15.035985, 0.002000, search
4270, 51524, 0, 15.036041, 0.002000, insert
4275, 51527, 0, 15.036389, 0.002000, search
4280, 51528, 0, 15.036427, 0.003000, insert
4285, 51530, 0, 15.036503, 0.012000, insert
4290, 51528, 0, 15.036776, 0.001000, search
4295, 51530, 0, 15.036833, 0.002000, insert
4300, 51532, 0, 15.036851, 0.002000, insert
4305, 51532, 0, 15.037161, 0.001000, search
4310, 51535, 0, 15.037198, 0.002000, insert
4315, 51537, 0, 15.037235, 0.002000, insert
4320, 51537, 0, 15.037488, 0.002000, search
4325, 51540, 0, 15.037893, 0.002000, search
4330, 51542, 0, 15.037930, 0.002000, insert
4335, 51544, 0, 15.038317, 0.003000, search
4340, 51547, 0, 15.038373, 0.004000, insert
4345, 51549, 0, 15.038410, 0.003000, insert
4350, 51553, 0, 15.038485, 0.003000, insert
4355, 51558, 0, 15.038539, 0.003000, insert
4360, 51558, 0, 15.038539, 0.002000, remove
4365, 51561, 0, 15.038634, 0.003000, insert
4370, 51561, 0, 15.038925, 0.002000, search
4375, 51563, 0, 15.039020, 0.002000, remove
4380, 51565, 0, 15.039426, 0.002000, search
4385, 51566, 0, 15.039794, 0.002000, search
4390, 51566, 0, 15.040104, 0.002000, search
4395, 51568, 0, 15.040413, 0.002000, search
4400, 51569, 0, 15.040761, 0.002000, search
4405, 51572, 0, 15.040817, 0.003000, insert
4410, 51570, 0, 15.041090, 0.002000, search
4415, 51570, 0, 15.041070, 0.003000, insert
4420, 51573, 0, 15.041146, 0.003000, insert
4425, 51575, 0, 15.041163, 0.003000, insert
4430, 51577, 0, 15.041550, 0.002000, search
4435, 51577, 0, 15.041879, 0.002000, search
4440, 51577, 0, 15.042209, 0.002000, search
4445, 51578, 0, 15.042576, 0.002000, search
4450, 51580, 0, 15.042613, 0.003000, insert
4455, 51583, 0, 15.042708, 0.003000, insert
4460, 51584, 0, 15.042707, 0.003000, insert
4465, 51584, 0, 15.043017, 0.002000, search
4470, 51584, 0, 15.043327, 0.006000, search
4475, 51587, 0, 15.043402, 0.003000, insert
4480, 51590, 0, 15.043458, 0.003000, insert
4485, 51592, 0, 15.043825, 0.002000, search
4490, 51594, 0, 15.043881, 0.003000, insert
4495, 51596, 0, 15.043899, 0.003000, insert
4500, 51598, 0, 15.043936, 0.003000, insert
4505, 51600, 0, 15.044012, 0.004000, insert
4510, 51603, 0, 15.044067, 0.003000, insert
4515, 51606, 0, 15.044103, 0.013000, insert
4520, 51607, 0, 15.044141, 0.013000, insert
4525, 51609, 0, 15.044508, 0.002000, search
4530, 51612, 0, 15.044873, 0.002000, search
4535, 51615, 0, 15.044948, 0.003000, insert
4540, 51618, 0, 15.044984, 0.003000, insert
4545, 51619, 0, 15.045332, 0.002000, search
4550, 51623, 0, 15.045387, 0.003000, insert
4555, 51627, 0, 15.045499, 0.003000, insert
4560, 51626, 0, 15.045791, 0.002000, search
4565, 51626, 0, 15.046101, 0.002000, search
4570, 51626, 0, 15.046430, 0.002000, search
4575, 51629, 0, 15.046447, 0.003000, insert
4580, 51633, 0, 15.046540, 0.012000, insert
4585, 51635, 0, 15.046887, 0.002000, search
4590, 51639, 0, 15.046961, 0.012000, insert
4595, 51644, 0, 15.047072, 0.003000, insert
4600, 51643, 0, 15.047402, 0.002000, search
4605, 51646, 0, 15.047438, 0.003000, remove
4610, 51649, 0, 15.047513, 0.004000, insert
4615, 51652, 0, 15.047626, 0.003000, insert
4620, 51654, 0, 15.047663, 0.004000, insert
4625, 51657, 0, 15.047757, 0.012000, insert
4630, 51657, 0, 15.047777, 0.004000, remove
4635, 51657, 0, 15.048106, 0.002000, search
4640, 51660, 0, 15.048122, 0.012000, insert
4645, 51662, 0, 15.048179, 0.003000, insert
4650, 51664, 0, 15.048215, 0.013000, insert
4655, 51669, 0, 15.048307, 0.013000, insert
4660, 51672, 0, 15.048672, 0.001000, search
4665, 51675, 0, 15.048728, 0.004000, insert
4670, 51677, 0, 15.049074, 0.002000, search
4675, 51677, 0, 15.049403, 0.003000, search
4680, 51680, 0, 15.049497, 0.004000, insert
4685, 51682, 0, 15.049534, 0.012000, insert
4690, 51683, 0, 15.049591, 0.004000, insert
4695, 51684, 0, 15.049629, 0.004000, insert
4700, 51687, 0, 15.049993, 0.002000, search
4705, 51690, 0, 15.050029, 0.011000, insert
4710, 51693, 0, 15.050374, 0.002000, search
4715, 51694, 0, 15.050722, 0.002000, search
4720, 51694, 0, 15.051031, 0.002000, search
4725, 51696, 0, 15.051106, 0.013000, insert
4730, 51699, 0, 15.051104, 0.004000, insert
4735, 51699, 0, 15.051104, 0.003000, insert
4740, 51700, 0, 15.051122, 0.004000, insert
4745, 51701, 0, 15.051469, 0.003000, search
4750, 51702, 0, 15.051816, 0.003000, search
4755, 51702, 0, 15.052164, 0.002000, search
4760, 51706, 0, 15.052276, 0.003000, insert
4765, 51710, 0, 15.052369, 0.003000, insert
4770, 51710, 0, 15.052369, 0.004000, insert
4775, 51711, 0, 15.052697, 0.002000, search
4780, 51712, 0, 15.053063, 0.002000, search
4785, 51713, 0, 15.053391, 0.002000, search
4790, 51714, 0, 15.053719, 0.002000, search
4795, 51713, 0, 15.054010, 0.002000, search
4800, 51716, 0, 15.054065, 0.004000, insert
4805, 51719, 0, 15.054429, 0.002000, search
4810, 51724, 0, 15.054520, 0.004000, insert
4815, 51728, 0, 15.054632, 0.003000, insert
4820, 51731, 0, 15.054687, 0.004000, insert
4825, 51735, 0, 15.054741, 0.003000, insert
4830, 51736, 0, 15.055087, 0.011000, search
4835, 51740, 0, 15.055180, 0.003000, insert
4840, 51743, 0, 15.055235, 0.003000, insert
4845, 51746, 0, 15.055309, 0.012000, insert
4850, 51748, 0, 15.055326, 0.003000, insert
4855, 51750, 0, 15.055671, 0.002000, search
4860, 51750, 0, 15.055981, 0.002000, search
4865, 51751, 0, 15.056308, 0.002000, search
4870, 51751, 0, 15.056637, 0.002000, search
4875, 51753, 0, 15.056692, 0.013000, insert
4880, 51753, 0, 15.056982, 0.002000, search
4885, 51754, 0, 15.057310, 0.002000, search
4890, 51755, 0, 15.057656, 0.002000, search
4895, 51760, 0, 15.057767, 0.004000, insert
4900, 51762, 0, 15.058131, 0.002000, search
4905, 51764, 0, 15.058496, 0.002000, search
4910, 51767, 0, 15.058570, 0.003000, insert
4915, 51769, 0, 15.058916, 0.002000, search
4920, 51771, 0, 15.059300, 0.002000, search
4925, 51772, 0, 15.059665, 0.002000, search
4930, 51770, 0, 15.059938, 0.002000, search
4935, 51769, 0, 15.060229, 0.002000, search
4940, 51772, 0, 15.060361, 0.004000, insert
4945, 51772, 0, 15.060689, 0.002000, search
4950, 51774, 0, 15.060745, 0.012000, insert
4955, 51773, 0, 15.061036, 0.002000, search
4960, 51772, 0, 15.061327, 0.002000, search
4965, 51773, 0, 15.061364, 0.003000, insert
4970, 51774, 0, 15.061711, 0.002000, search
4975, 51776, 0, 15.062094, 0.002000, search
4980, 51777, 0, 15.062441, 0.002000, search
4985, 51779, 0, 15.062477, 0.002000, insert
4990, 51779, 0, 15.062786, 0.002000, search
4995, 51780, 0, 15.063113, 0.002000, search
5000, 51782, 0, 15.063478, 0.002000, search
5005, 51785, 0, 15.063493, 0.012000, insert
5010, 51784, 0, 15.063803, 0.002000, search
5015, 51785, 0, 15.064131, 0.002000, search
5020, 51786, 0, 15.064419, 0.002000, search
5025, 51787, 0, 15.064765, 0.002000, search
5030, 51788, 0, 15.065092, 0.002000, search
5035, 51790, 0, 15.065225, 0.013000, insert
5040, 51792, 0, 15.065242, 0.012000, insert
5045, 51793, 0, 15.065549, 0.002000, search
5050, 51793, 0, 15.065878, 0.002000, search
5055, 51795, 0, 15.066281, 0.003000, search
5060, 51795, 0, 15.066570, 0.003000, search
5065, 51799, 0, 15.066623, 0.004000, insert
5070, 51799, 0, 15.066951, 0.004000, search
5075, 51799, 0, 15.067260, 0.002000, search
5080, 51800, 0, 15.067568, 0.002000, search
5085, 51804, 0, 15.067659, 0.004000, insert
5090, 51807, 0, 15.067751, 0.003000, insert
5095, 51810, 0, 15.067883, 0.004000, insert
5100, 51812, 0, 15.067899, 0.004000, insert
5105, 51815, 0, 15.067934, 0.003000, insert
5110, 51817, 0, 15.067970, 0.003000, insert
5115, 51821, 0, 15.068003, 0.004000, insert
5120, 51820, 0, 15.068294, 0.003000, search
5125, 51822, 0, 15.068658, 0.002000, search
5130, 51825, 0, 15.069021, 0.001000, search
5135, 51825, 0, 15.069329, 0.002000, search
5140, 51827, 0, 15.069693, 0.003000, search
5145, 51829, 0, 15.070077, 0.004000, search
5150, 51830, 0, 15.070442, 0.005000, search
5155, 51830, 0, 15.070751, 0.005000, search
5160, 51831, 0, 15.071077, 0.009000, search
5165, 51833, 0, 15.071402, 0.004000, search
5170, 51833, 0, 15.071402, 0.007000, remove
5175, 51833, 0, 15.071711, 0.004000, search
5180, 51836, 0, 15.071746, 0.007000, insert
5185, 51839, 0, 15.071799, 0.007000, insert
5190, 51841, 0, 15.072144, 0.004000, search
5195, 51844, 0, 15.072197, 0.004000, insert
5200, 51844, 0, 15.072487, 0.002000, search
5205, 51847, 0, 15.072521, 0.003000, insert
5210, 51847, 0, 15.072849, 0.003000, search
5215, 51849, 0, 15.072904, 0.004000, insert
5220, 51849, 0, 15.073193, 0.003000, search
5225, 51851, 0, 15.073595, 0.003000, search
5230, 51855, 0, 15.073648, 0.004000, insert
5235, 51855, 0, 15.073937, 0.002000, search
5240, 51857, 0, 15.074300, 0.002000, search
5245, 51860, 0, 15.074373, 0.004000, insert
5250, 51863, 0, 15.074504, 0.003000, insert
5255, 51867, 0, 15.074595, 0.003000, insert
5260, 51868, 0, 15.074612, 0.004000, insert
5265, 51868, 0, 15.074921, 0.002000, search
5270, 51869, 0, 15.074939, 0.004000, insert
5275, 51870, 0, 15.074976, 0.003000, insert
5280, 51873, 0, 15.075029, 0.003000, insert
5285, 51876, 0, 15.075064, 0.003000, insert
5290, 51878, 0, 15.075080, 0.004000, insert
5295, 51880, 0, 15.075405, 0.004000, search
5300, 51882, 0, 15.075749, 0.004000, search
5305, 51884, 0, 15.076054, 0.004000, search
5310, 51887, 0, 15.076088, 0.007000, insert
5315, 51888, 0, 15.076453, 0.004000, search
5320, 51890, 0, 15.076816, 0.004000, search
5325, 51889, 0, 15.077107, 0.002000, search
5330, 51889, 0, 15.077415, 0.012000, search
5335, 51894, 0, 15.077581, 0.008000, insert
5340, 51893, 0, 15.077872, 0.004000, search
5345, 51893, 0, 15.077872, 0.007000, remove
5350, 51895, 0, 15.078235, 0.005000, search
5355, 51895, 0, 15.078543, 0.004000, search
5360, 51898, 0, 15.078539, 0.007000, insert
5365, 51899, 0, 15.078576, 0.007000, insert
5370, 51902, 0, 15.078648, 0.007000, insert
5375, 51904, 0, 15.079011, 0.004000, search
5380, 51907, 0, 15.079142, 0.007000, insert
5385, 51906, 0, 15.079432, 0.004000, search
5390, 51907, 0, 15.079450, 0.007000, insert
5395, 51910, 0, 15.079484, 0.007000, insert
5400, 51911, 0, 15.079810, 0.004000, search
5405, 51910, 0, 15.080100, 0.004000, search
5410, 51909, 0, 15.080391, 0.005000, search
5415, 51912, 0, 15.080463, 0.007000, insert
5420, 51914, 0, 15.080460, 0.006000, insert
5425, 51917, 0, 15.080494, 0.008000, insert
5430, 51919, 0, 15.080529, 0.006000, insert
5435, 51919, 0, 15.080837, 0.004000, search
5440, 51920, 0, 15.081163, 0.005000, search
5445, 51921, 0, 15.081508, 0.004000, search
5450, 51924, 0, 15.081562, 0.007000, insert
5455, 51923, 0, 15.081852, 0.004000, search
5460, 51925, 0, 15.081849, 0.007000, insert
5465, 51926, 0, 15.082194, 0.013000, search
5470, 51928, 0, 15.082537, 0.004000, search
5475, 51929, 0, 15.082863, 0.004000, search
5480, 51930, 0, 15.082881, 0.006000, insert
5485, 51934, 0, 15.082913, 0.006000, insert
5490, 51935, 0, 15.083239, 0.005000, search
5495, 51937, 0, 15.083274, 0.007000, insert
5500, 51940, 0, 15.083308, 0.007000, insert
5505, 51941, 0, 15.083306, 0.006000, insert
5510, 51943, 0, 15.083361, 0.007000, insert
5515, 51944, 0, 15.083629, 0.012000, search
5520, 51947, 0, 15.083720, 0.007000, insert
5525, 51946, 0, 15.084010, 0.004000, search
5530, 51947, 0, 15.084028, 0.006000, insert
5535, 51950, 0, 15.084100, 0.007000, insert
5540, 51954, 0, 15.084171, 0.006000, insert
5545, 51956, 0, 15.084514, 0.004000, search
5550, 51957, 0, 15.084839, 0.004000, search
5555, 51957, 0, 15.085147, 0.005000, search
5560, 51957, 0, 15.085455, 0.004000, search
5565, 51957, 0, 15.085763, 0.005000, search
5570, 51957, 0, 15.086052, 0.004000, search
5575, 51958, 0, 15.086377, 0.004000, search
5580, 51962, 0, 15.086525, 0.007000, insert
5585, 51964, 0, 15.086868, 0.004000, search
5590, 51965, 0, 15.086905, 0.006000, insert
5595, 51967, 0, 15.087286, 0.005000, search
5600, 51969, 0, 15.087629, 0.005000, search
5605, 51973, 0, 15.087699, 0.006000, insert
5610, 51973, 0, 15.088026, 0.004000, search
5615, 51976, 0, 15.088137, 0.007000, insert
5620, 51977, 0, 15.088135, 0.007000, insert
5625, 51981, 0, 15.088263, 0.007000, insert
5630, 51982, 0, 15.088608, 0.005000, search
5635, 51982, 0, 15.088915, 0.005000, search
5640, 51983, 0, 15.089260, 0.005000, search
5645, 51985, 0, 15.089564, 0.005000, search
5650, 51988, 0, 15.089713, 0.006000, insert
5655, 51991, 0, 15.089746, 0.008000, insert
5660, 51993, 0, 15.089877, 0.008000, insert
5665, 51995, 0, 15.089951, 0.007000, insert
5670, 51995, 0, 15.090239, 0.004000, search
5675, 51999, 0, 15.090367, 0.007000, insert
5680, 52002, 0, 15.090439, 0.007000, insert
5685, 52004, 0, 15.090512, 0.006000, insert
5690, 52006, 0, 15.090874, 0.005000, search
5695, 52008, 0, 15.090909, 0.008000, insert
5700, 52010, 0, 15.090963, 0.006000, remove
5705, 52011, 0, 15.091269, 0.004000, search
5710, 52011, 0, 15.091577, 0.004000, search
5715, 52012, 0, 15.091902, 0.004000, search
5720, 52012, 0, 15.091883, 0.007000, remove
5725, 52012, 0, 15.092190, 0.014000, search
5730, 52014, 0, 15.092206, 0.007000, insert
5735, 52014, 0, 15.092514, 0.012000, search
5740, 52015, 0, 15.092858, 0.004000, search
5745, 52018, 0, 15.092910, 0.007000, insert
5750, 52020, 0, 15.093253, 0.004000, search
5755, 52020, 0, 15.093541, 0.005000, search
5760, 52024, 0, 15.093611, 0.007000, insert
5765, 52028, 0, 15.093719, 0.008000, insert
5770, 52032, 0, 15.093750, 0.007000, insert
5775, 52037, 0, 15.093895, 0.007000, insert
5780, 52038, 0, 15.094200, 0.004000, search
5785, 52041, 0, 15.094253, 0.007000, insert
5790, 52042, 0, 15.094251, 0.007000, insert
5795, 52042, 0, 15.094558, 0.004000, search
5800, 52044, 0, 15.094593, 0.007000, insert
5805, 52046, 0, 15.094935, 0.005000, search
5810, 52048, 0, 15.095277, 0.004000, search
5815, 52051, 0, 15.095310, 0.008000, insert
5820, 52052, 0, 15.095654, 0.004000, search
5825, 52056, 0, 15.095743, 0.007000, insert
5830, 52058, 0, 15.096066, 0.005000, search
5835, 52058, 0, 15.096373, 0.005000, search
5840, 52059, 0, 15.096371, 0.006000, insert
5845, 52059, 0, 15.096679, 0.004000, search
5850, 52059, 0, 15.096967, 0.005000, search
5855, 52062, 0, 15.097038, 0.007000, insert
5860, 52066, 0, 15.097088, 0.016000, insert
5865, 52070, 0, 15.097196, 0.007000, insert
5870, 52071, 0, 15.097501, 0.004000, search
5875, 52072, 0, 15.097807, 0.004000, search
5880, 52077, 0, 15.097951, 0.007000, insert
5885, 52079, 0, 15.098312, 0.004000, search
5890, 52080, 0, 15.098637, 0.005000, search
5895, 52083, 0, 15.098727, 0.008000, insert
5900, 52084, 0, 15.099032, 0.004000, search
5905, 52086, 0, 15.099067, 0.007000, insert
5910, 52087, 0, 15.099103, 0.007000, insert
5915, 52088, 0, 15.099447, 0.004000, search
5920, 52092, 0, 15.099478, 0.008000, insert
5925, 52093, 0, 15.099821, 0.005000, search
5930, 52093, 0, 15.099821, 0.007000, insert
5935, 52095, 0, 15.099837, 0.007000, insert
5940, 52096, 0, 15.099873, 0.007000, insert
5945, 52097, 0, 15.100217, 0.004000, search
5950, 52101, 0, 15.100286, 0.007000, insert
5955, 52104, 0, 15.100357, 0.007000, insert
5960, 52106, 0, 15.100679, 0.004000, search
5965, 52106, 0, 15.100986, 0.004000, search
5970, 52106, 0, 15.101294, 0.005000, search
5975, 52108, 0, 15.101597, 0.004000, search
5980, 52109, 0, 15.101921, 0.005000, search
5985, 52109, 0, 15.102228, 0.004000, search
5990, 52111, 0, 15.102243, 0.007000, insert
5995, 52111, 0, 15.102570, 0.004000, search
6000, 52113, 0, 15.102623, 0.007000, insert
6005, 52117, 0, 15.102634, 0.007000, insert
6010, 52120, 0, 15.102705, 0.007000, insert
6015, 52122, 0, 15.102701, 0.004000, insert
6020, 52123, 0, 15.103026, 0.002000, search
6025, 52125, 0, 15.103041, 0.003000, insert
6030, 52125, 0, 15.103348, 0.002000, search
6035, 52127, 0, 15.103689, 0.003000, search
6040, 52131, 0, 15.103758, 0.003000, insert
6045, 52132, 0, 15.104082, 0.002000, search
6050, 52136, 0, 15.104189, 0.003000, insert
6055, 52137, 0, 15.104532, 0.002000, search
6060, 52141, 0, 15.104678, 0.003000, insert
6065, 52145, 0, 15.104727, 0.002000, insert
6070, 52146, 0, 15.105051, 0.002000, search
6075, 52148, 0, 15.105047, 0.002000, remove
6080, 52150, 0, 15.105120, 0.003000, insert
6085, 52151, 0, 15.105482, 0.002000, search
6090, 52153, 0, 15.105842, 0.002000, search
6095, 52156, 0, 15.105913, 0.003000, insert
6100, 52160, 0, 15.105905, 0.004000, insert
6105, 52161, 0, 15.106210, 0.002000, search
6110, 52164, 0, 15.106223, 0.003000, insert
6115, 52166, 0, 15.106583, 0.002000, search
6120, 52169, 0, 15.106634, 0.004000, insert
6125, 52172, 0, 15.106666, 0.002000, insert
6130, 52172, 0, 15.106992, 0.002000, search
6135, 52175, 0, 15.107063, 0.003000, insert
6140, 52176, 0, 15.107367, 0.002000, search
6145, 52179, 0, 15.107400, 0.003000, insert
6150, 52181, 0, 15.107779, 0.004000, search
6155, 52183, 0, 15.107832, 0.008000, insert
6160, 52182, 0, 15.108122, 0.003000, search
6165, 52185, 0, 15.108192, 0.007000, insert
6170, 52187, 0, 15.108552, 0.004000, search
6175, 52186, 0, 15.108841, 0.004000, search
6180, 52190, 0, 15.108910, 0.007000, insert
6185, 52194, 0, 15.109016, 0.007000, insert
6190, 52196, 0, 15.109357, 0.004000, search
6195, 52199, 0, 15.109427, 0.007000, insert
6200, 52201, 0, 15.109442, 0.007000, insert
6205, 52201, 0, 15.109749, 0.004000, search
6210, 52206, 0, 15.109872, 0.006000, insert
6215, 52209, 0, 15.109904, 0.006000, insert
6220, 52212, 0, 15.109975, 0.006000, insert
6225, 52212, 0, 15.110262, 0.004000, search
6230, 52215, 0, 15.110371, 0.007000, insert
6235, 52216, 0, 15.110713, 0.005000, search
6240, 52219, 0, 15.111109, 0.004000, search
6245, 52223, 0, 15.111177, 0.006000, insert
6250, 52224, 0, 15.111520, 0.004000, search
6255, 52227, 0, 15.111609, 0.007000, insert
6260, 52230, 0, 15.111909, 0.004000, search
6265, 52234, 0, 15.111958, 0.006000, insert
6270, 52237, 0, 15.112392, 0.004000, search
6275, 52239, 0, 15.112751, 0.004000, search
6280, 52237, 0, 15.113042, 0.003000, search
6285, 52241, 0, 15.113072, 0.006000, insert
6290, 52243, 0, 15.113106, 0.007000, insert
6295, 52246, 0, 15.113176, 0.007000, insert
6300, 52247, 0, 15.113499, 0.004000, search
6305, 52248, 0, 15.113823, 0.004000, search
6310, 52248, 0, 15.114129, 0.004000, search
6315, 52249, 0, 15.114452, 0.004000, search
6320, 52252, 0, 15.114465, 0.006000, insert
6325, 52255, 0, 15.114515, 0.006000, insert
6330, 52257, 0, 15.114568, 0.007000, insert
6335, 52259, 0, 15.114583, 0.006000, insert
6340, 52259, 0, 15.114889, 0.004000, search
6345, 52260, 0, 15.115193, 0.004000, search
6350, 52263, 0, 15.115263, 0.006000, insert
6355, 52263, 0, 15.115569, 0.004000, search
6360, 52266, 0, 15.115601, 0.007000, insert
6365, 52269, 0, 15.115671, 0.006000, insert
6370, 52271, 0, 15.116030, 0.005000, search
6375, 52272, 0, 15.116334, 0.005000, search
6380, 52276, 0, 15.116421, 0.006000, insert
6385, 52279, 0, 15.116509, 0.007000, insert
6390, 52283, 0, 15.116596, 0.006000, insert
6395, 52286, 0, 15.116685, 0.006000, insert
6400, 52287, 0, 15.117008, 0.005000, search
6405, 52289, 0, 15.117061, 0.006000, insert
6410, 52292, 0, 15.117092, 0.006000, insert
6415, 52294, 0, 15.117432, 0.004000, search
6420, 52295, 0, 15.117468, 0.008000, insert
6425, 52298, 0, 15.117614, 0.007000, insert
6430, 52303, 0, 15.117661, 0.006000, insert
6435, 52305, 0, 15.117694, 0.006000, insert
6440, 52306, 0, 15.118017, 0.005000, search
6445, 52308, 0, 15.118357, 0.005000, search
6450, 52308, 0, 15.118663, 0.004000, search
6455, 52312, 0, 15.118730, 0.007000, insert
6460, 52314, 0, 15.118764, 0.007000, insert
6465, 52314, 0, 15.119089, 0.005000, search
6470, 52316, 0, 15.119447, 0.004000, search
6475, 52318, 0, 15.119825, 0.005000, search
6480, 52319, 0, 15.120148, 0.004000, search
6485, 52319, 0, 15.120472, 0.004000, search
6490, 52320, 0, 15.120795, 0.005000, search
6495, 52322, 0, 15.120848, 0.007000, insert
6500, 52325, 0, 15.120898, 0.007000, insert
6505, 52327, 0, 15.120932, 0.008000, insert
6510, 52328, 0, 15.120949, 0.007000, insert
6515, 52329, 0, 15.121271, 0.005000, search
6520, 52332, 0, 15.121360, 0.007000, insert
6525, 52335, 0, 15.121429, 0.007000, insert
6530, 52337, 0, 15.121463, 0.007000, insert
6535, 52339, 0, 15.121802, 0.005000, search
6540, 52341, 0, 15.122141, 0.005000, search
6545, 52342, 0, 15.122483, 0.005000, search
6550, 52345, 0, 15.122533, 0.007000, insert
6555, 52346, 0, 15.122569, 0.007000, insert
6560, 52348, 0, 15.122622, 0.008000, insert
6565, 52349, 0, 15.122925, 0.004000, search
6570, 52351, 0, 15.123341, 0.004000, search
6575, 52351, 0, 15.123646, 0.004000, search
6580, 52353, 0, 15.123985, 0.004000, search
6585, 52354, 0, 15.124308, 0.005000, search
6590, 52354, 0, 15.124594, 0.005000, search
6595, 52353, 0, 15.124902, 0.004000, search
6600, 52357, 0, 15.125007, 0.007000, insert
6605, 52360, 0, 15.125038, 0.007000, insert
6610, 52361, 0, 15.125380, 0.005000, search
6615, 52362, 0, 15.125377, 0.007000, insert
6620, 52363, 0, 15.125680, 0.004000, search
6625, 52364, 0, 15.125697, 0.007000, insert
6630, 52365, 0, 15.126019, 0.004000, search
6635, 52367, 0, 15.126053, 0.007000, insert
6640, 52367, 0, 15.126377, 0.005000, search
6645, 52370, 0, 15.126446, 0.007000, insert
6650, 52372, 0, 15.126499, 0.007000, insert
6655, 52373, 0, 15.126821, 0.005000, search
6660, 52375, 0, 15.127198, 0.004000, search
6665, 52376, 0, 15.127520, 0.005000, search
6670, 52378, 0, 15.131086, 0.005000, search
6675, 52379, 0, 15.131121, 0.007000, insert
6680, 52380, 0, 15.131424, 0.004000, search
6685, 52380, 0, 15.131749, 0.004000, search
6690, 52384, 0, 15.131834, 0.006000, insert
6695, 52384, 0, 15.132101, 0.004000, search
6700, 52386, 0, 15.132135, 0.007000, insert
6705, 52388, 0, 15.132206, 0.007000, insert
6710, 52391, 0, 15.132256, 0.007000, insert
6715, 52395, 0, 15.132322, 0.007000, insert
6720, 52395, 0, 15.132627, 0.004000, search
6725, 52396, 0, 15.132930, 0.004000, search
6730, 52396, 0, 15.133235, 0.004000, search
6735, 52401, 0, 15.133299, 0.007000, insert
6740, 52404, 0, 15.133349, 0.006000, insert
6745, 52406, 0, 15.133382, 0.008000, insert
6750, 52406, 0, 15.133706, 0.004000, search
6755, 52409, 0, 15.134080, 0.004000, search
6760, 52410, 0, 15.134421, 0.004000, search
6765, 52414, 0, 15.134449, 0.007000, insert
6770, 52415, 0, 15.134752, 0.004000, search
6775, 52415, 0, 15.135038, 0.004000, search
6780, 52417, 0, 15.135414, 0.005000, search
6785, 52419, 0, 15.135466, 0.007000, insert
6790, 52419, 0, 15.135790, 0.004000, search
6795, 52420, 0, 15.136112, 0.004000, search
6800, 52423, 0, 15.136181, 0.007000, insert
6805, 52426, 0, 15.136230, 0.007000, insert
6810, 52425, 0, 15.136519, 0.005000, search
6815, 52425, 0, 15.136843, 0.004000, search
6820, 52429, 0, 15.136966, 0.007000, insert
6825, 52430, 0, 15.137002, 0.008000, insert
6830, 52432, 0, 15.137359, 0.004000, search
6835, 52433, 0, 15.137719, 0.004000, search
6840, 52434, 0, 15.138078, 0.005000, search
6845, 52435, 0, 15.138381, 0.004000, search
6850, 52438, 0, 15.138430, 0.008000, insert
6855, 52440, 0, 15.138444, 0.006000, insert
6860, 52442, 0, 15.138515, 0.007000, insert
6865, 52445, 0, 15.138850, 0.004000, search
6870, 52445, 0, 15.139193, 0.005000, search
6875, 52450, 0, 15.139295, 0.008000, insert
6880, 52453, 0, 15.139363, 0.007000, insert
6885, 52454, 0, 15.139322, 0.007000, remove
6890, 52456, 0, 15.139355, 0.007000, insert
6895, 52459, 0, 15.139442, 0.008000, insert
6900, 52461, 0, 15.139456, 0.006000, insert
6905, 52462, 0, 15.139758, 0.004000, search
6910, 52462, 0, 15.140044, 0.003000, search
6915, 52466, 0, 15.140110, 0.007000, insert
6920, 52468, 0, 15.140124, 0.007000, insert
6925, 52471, 0, 15.140192, 0.008000, insert
6930, 52473, 0, 15.140244, 0.007000, insert
6935, 52475, 0, 15.140600, 0.004000, search
6940, 52478, 0, 15.140992, 0.003000, search
6945, 52479, 0, 15.141352, 0.004000, search
6950, 52482, 0, 15.141458, 0.007000, insert
6955, 52482, 0, 15.141782, 0.005000, search
6960, 52483, 0, 15.142103, 0.005000, search
6965, 52486, 0, 15.142190, 0.007000, insert
6970, 52485, 0, 15.142498, 0.005000, search
6975, 52486, 0, 15.142514, 0.007000, insert
6980, 52488, 0, 15.142909, 0.005000, search
6985, 52489, 0, 15.143249, 0.004000, search
6990, 52491, 0, 15.143282, 0.006000, insert
6995, 52492, 0, 15.143279, 0.006000, remove
7000, 52494, 0, 15.143293, 0.006000, insert
7005, 52494, 0, 15.143635, 0.004000, search
7010, 52498, 0, 15.143758, 0.007000, insert
7015, 52502, 0, 15.143842, 0.008000, insert
7020, 52503, 0, 15.144182, 0.004000, search
7025, 52504, 0, 15.144522, 0.004000, search
7030, 52504, 0, 15.144827, 0.005000, search
7035, 52505, 0, 15.145167, 0.004000, search
7040, 52505, 0, 15.145472, 0.005000, search
7045, 52509, 0, 15.145518, 0.007000, insert
7050, 52512, 0, 15.145586, 0.007000, insert
7055, 52514, 0, 15.145904, 0.004000, search
7060, 52517, 0, 15.145991, 0.008000, insert
7065, 52517, 0, 15.146295, 0.005000, search
7070, 52520, 0, 15.146344, 0.007000, insert
7075, 52521, 0, 15.146684, 0.004000, search
7080, 52521, 0, 15.146989, 0.003000, search
7085, 52520, 0, 15.147277, 0.005000, search
7090, 52519, 0, 15.147566, 0.005000, search
7095, 52522, 0, 15.147938, 0.004000, search
7100, 52526, 0, 15.148041, 0.007000, insert
7105, 52529, 0, 15.148128, 0.007000, insert
7110, 52531, 0, 15.148484, 0.005000, search
7115, 52535, 0, 15.148644, 0.007000, insert
7120, 52539, 0, 15.148728, 0.007000, insert
7125, 52541, 0, 15.149026, 0.004000, search
7130, 52541, 0, 15.149350, 0.005000, search
7135, 52542, 0, 15.149709, 0.004000, search
7140, 52546, 0, 15.149774, 0.007000, insert
7145, 52549, 0, 15.149841, 0.007000, insert
7150, 52549, 0, 15.150165, 0.005000, search
7155, 52553, 0, 15.150248, 0.007000, insert
7160, 52558, 0, 15.150329, 0.006000, insert
7165, 52558, 0, 15.150634, 0.004000, search
7170, 52560, 0, 15.150704, 0.008000, insert
7175, 52560, 0, 15.151008, 0.004000, search
7180, 52560, 0, 15.151313, 0.004000, search
7185, 52561, 0, 15.151614, 0.004000, search
7190, 52563, 0, 15.151647, 0.006000, remove
7195, 52567, 0, 15.151711, 0.006000, insert
7200, 52567, 0, 15.151730, 0.007000, insert
7205, 52569, 0, 15.152048, 0.006000, search
7210, 52570, 0, 15.152045, 0.003000, insert
7215, 52572, 0, 15.152077, 0.007000, insert
7220, 52575, 0, 15.152335, 0.006000, insert
7225, 52575, 0, 15.152639, 0.004000, search
7230, 52576, 0, 15.152941, 0.004000, search
7235, 52577, 0, 15.153299, 0.004000, search
7240, 52580, 0, 15.153442, 0.006000, insert
7245, 52582, 0, 15.153475, 0.007000, insert
7250, 52582, 0, 15.153475, 0.007000, insert
7255, 52586, 0, 15.153558, 0.007000, insert
7260, 52589, 0, 15.153625, 0.007000, insert
7265, 52592, 0, 15.153674, 0.006000, insert
7270, 52596, 0, 15.153738, 0.006000, insert
7275, 52598, 0, 15.154131, 0.004000, search
7280, 52600, 0, 15.154468, 0.004000, search
7285, 52602, 0, 15.154804, 0.004000, search
7290, 52601, 0, 15.155092, 0.004000, search
7295, 52603, 0, 15.155485, 0.004000, search
7300, 52605, 0, 15.155499, 0.008000, insert
7305, 52608, 0, 15.155547, 0.007000, insert
7310, 52612, 0, 15.155554, 0.007000, insert
7315, 52614, 0, 15.155605, 0.006000, remove
7320, 52614, 0, 15.155928, 0.004000, search
7325, 52617, 0, 15.155976, 0.007000, insert
7330, 52617, 0, 15.156280, 0.005000, search
7335, 52616, 0, 15.156568, 0.004000, search
7340, 52618, 0, 15.156923, 0.004000, search
7345, 52619, 0, 15.157244, 0.004000, search
7350, 52618, 0, 15.157589, 0.004000, search
7355, 52622, 0, 15.157691, 0.007000, insert
7360, 52621, 0, 15.157979, 0.004000, search
7365, 52624, 0, 15.158065, 0.005000, insert
7370, 52628, 0, 15.158167, 0.008000, insert
7375, 52629, 0, 15.158202, 0.007000, insert
7380, 52633, 0, 15.158266, 0.007000, insert
7385, 52636, 0, 15.158295, 0.007000, insert
7390, 52639, 0, 15.158381, 0.006000, remove
7395, 52639, 0, 15.158647, 0.004000, search
7400, 52641, 0, 15.158641, 0.007000, insert
7405, 52641, 0, 15.158945, 0.004000, search
7410, 52641, 0, 15.159248, 0.004000, search
7415, 52640, 0, 15.159536, 0.004000, search
7420, 52642, 0, 15.159872, 0.004000, search
7425, 52643, 0, 15.159888, 0.007000, insert
7430, 52647, 0, 15.159933, 0.007000, insert
7435, 52647, 0, 15.160256, 0.004000, search
7440, 52647, 0, 15.160579, 0.005000, search
7445, 52649, 0, 15.160877, 0.004000, search
7450, 52650, 0, 15.161197, 0.004000, search
7455, 52654, 0, 15.161298, 0.007000, insert
7460, 52655, 0, 15.161656, 0.004000, search
7465, 52655, 0, 15.161979, 0.004000, search
7470, 52658, 0, 15.162008, 0.007000, insert
7475, 52660, 0, 15.162096, 0.007000, insert
7480, 52658, 0, 15.162350, 0.004000, search
7485, 52658, 0, 15.162653, 0.004000, search
7490, 52658, 0, 15.162957, 0.004000, search
7495, 52661, 0, 15.163366, 0.004000, search
7500, 52663, 0, 15.163739, 0.003000, search
7505, 52665, 0, 15.164075, 0.005000, search
7510, 52665, 0, 15.164379, 0.004000, search
7515, 52667, 0, 15.164372, 0.007000, insert
7520, 52670, 0, 15.164743, 0.005000, search
7525, 52673, 0, 15.164847, 0.007000, insert
7530, 52676, 0, 15.164933, 0.008000, insert
7535, 52676, 0, 15.165256, 0.004000, search
7540, 52675, 0, 15.165543, 0.004000, search
7545, 52675, 0, 15.165847, 0.004000, search
7550, 52676, 0, 15.166186, 0.004000, search
7555, 52676, 0, 15.166508, 0.005000, search
7560, 52677, 0, 15.166828, 0.005000, search
7565, 52681, 0, 15.166872, 0.007000, insert
7570, 52681, 0, 15.167176, 0.005000, search
7575, 52682, 0, 15.167496, 0.004000, search
7580, 52682, 0, 15.167818, 0.005000, search
7585, 52685, 0, 15.167847, 0.007000, insert
7590, 52685, 0, 15.168150, 0.005000, search
7595, 52688, 0, 15.168179, 0.006000, insert
7600, 52691, 0, 15.168245, 0.007000, insert
7605, 52692, 0, 15.168583, 0.004000, search
7610, 52693, 0, 15.168922, 0.004000, search
7615, 52696, 0, 15.168969, 0.006000, insert
7620, 52697, 0, 15.169289, 0.005000, search
7625, 52697, 0, 15.169592, 0.005000, search
7630, 52699, 0, 15.169927, 0.004000, search
7635, 52702, 0, 15.170031, 0.007000, insert
7640, 52704, 0, 15.170063, 0.007000, insert
7645, 52704, 0, 15.170367, 0.004000, search
7650, 52704, 0, 15.170689, 0.005000, search
7655, 52704, 0, 15.170993, 0.004000, search
7660, 52708, 0, 15.171075, 0.007000, insert
7665, 52708, 0, 15.171378, 0.004000, search
7670, 52711, 0, 15.171710, 0.004000, search
7675, 52714, 0, 15.171814, 0.008000, insert
7680, 52716, 0, 15.171864, 0.007000, insert
7685, 52717, 0, 15.172146, 0.004000, search
7690, 52718, 0, 15.172484, 0.004000, search
7695, 52719, 0, 15.172784, 0.005000, search
7700, 52722, 0, 15.172850, 0.007000, insert
7705, 52723, 0, 15.173169, 0.005000, search
7710, 52722, 0, 15.173457, 0.005000, search
7715, 52727, 0, 15.173554, 0.008000, insert
7720, 52729, 0, 15.173851, 0.004000, search
7725, 52729, 0, 15.174155, 0.004000, search
7730, 52731, 0, 15.174527, 0.005000, search
7735, 52732, 0, 15.174827, 0.004000, search
7740, 52733, 0, 15.175146, 0.004000, search
7745, 52733, 0, 15.175165, 0.007000, insert
7750, 52734, 0, 15.175200, 0.007000, insert
7755, 52734, 0, 15.175522, 0.005000, search
7760, 52736, 0, 15.175876, 0.005000, search
7765, 52738, 0, 15.175888, 0.007000, insert
7770, 52741, 0, 15.176295, 0.003000, search
7775, 52741, 0, 15.176618, 0.005000, search
7780, 52744, 0, 15.176703, 0.008000, insert
7785, 52745, 0, 15.177022, 0.005000, search
7790, 52748, 0, 15.177087, 0.007000, insert
7795, 52752, 0, 15.177188, 0.007000, insert
7800, 52753, 0, 15.177525, 0.005000, search
7805, 52755, 0, 15.177879, 0.004000, search
7810, 52757, 0, 15.177872, 0.007000, insert
7815, 52756, 0, 15.178160, 0.005000, search
7820, 52759, 0, 15.178226, 0.007000, insert
7825, 52759, 0, 15.178548, 0.005000, search
7830, 52761, 0, 15.178863, 0.005000, search
7835, 52761, 0, 15.179166, 0.004000, search
7840, 52760, 0, 15.179132, 0.006000, remove
7845, 52763, 0, 15.179160, 0.006000, insert
7850, 52764, 0, 15.179478, 0.004000, search
7855, 52764, 0, 15.179516, 0.006000, remove
7860, 52766, 0, 15.179547, 0.006000, insert
7865, 52768, 0, 15.179920, 0.004000, search
7870, 52771, 0, 15.179985, 0.007000, insert
7875, 52774, 0, 15.180316, 0.004000, search
7880, 52777, 0, 15.180325, 0.006000, insert
7885, 52780, 0, 15.180409, 0.006000, insert
7890, 52779, 0, 15.180697, 0.003000, search
7895, 52782, 0, 15.180762, 0.007000, insert
7900, 52785, 0, 15.180847, 0.007000, insert
7905, 52788, 0, 15.180912, 0.007000, insert
7910, 52790, 0, 15.181228, 0.004000, search
7915, 52793, 0, 15.181255, 0.007000, insert
7920, 52796, 0, 15.181302, 0.006000, insert
7925, 52800, 0, 15.181402, 0.007000, insert
7930, 52800, 0, 15.181648, 0.005000, search
7935, 52801, 0, 15.181663, 0.006000, remove
7940, 52800, 0, 15.181951, 0.005000, search
7945, 52801, 0, 15.182288, 0.004000, search
7950, 52803, 0, 15.182660, 0.005000, search
7955, 52807, 0, 15.182760, 0.007000, insert
7960, 52808, 0, 15.183097, 0.004000, search
7965, 52810, 0, 15.183166, 0.008000, insert
7970, 52814, 0, 15.183247, 0.006000, insert
7975, 52816, 0, 15.183600, 0.005000, search
7980, 52815, 0, 15.183887, 0.004000, search
7985, 52816, 0, 15.183903, 0.007000, insert
7990, 52819, 0, 15.183949, 0.007000, insert
7995, 52818, 0, 15.184236, 0.004000, search
8000, 52820, 0, 15.184286, 0.007000, insert
8005, 52821, 0, 15.184680, 0.004000, search
8010, 52820, 0, 15.184949, 0.004000, search
8015, 52821, 0, 15.184983, 0.007000, insert
8020, 52822, 0, 15.185358, 0.005000, search
8025, 52823, 0, 15.185715, 0.004000, search
8030, 52825, 0, 15.185764, 0.006000, insert
8035, 52825, 0, 15.186086, 0.005000, search
8040, 52828, 0, 15.186113, 0.006000, insert
8045, 52831, 0, 15.186160, 0.006000, insert
8050, 52834, 0, 15.186206, 0.007000, insert
8055, 52836, 0, 15.186256, 0.007000, insert
8060, 52838, 0, 15.186286, 0.007000, insert
8065, 52839, 0, 15.186680, 0.005000, search
8070, 52839, 0, 15.186983, 0.004000, search
8075, 52839, 0, 15.187286, 0.005000, search
8080, 52840, 0, 15.187642, 0.004000, search
8085, 52843, 0, 15.187707, 0.007000, insert
8090, 52843, 0, 15.188029, 0.005000, search
8095, 52846, 0, 15.188113, 0.007000, insert
8100, 52848, 0, 15.188446, 0.004000, search
8105, 52851, 0, 15.188492, 0.006000, insert
8110, 52852, 0, 15.188810, 0.004000, search
8115, 52855, 0, 15.188837, 0.006000, insert
8120, 52859, 0, 15.188956, 0.006000, insert
8125, 52859, 0, 15.189277, 0.004000, search
8130, 52861, 0, 15.189573, 0.005000, search
8135, 52866, 0, 15.189630, 0.007000, insert
8140, 52866, 0, 15.189952, 0.004000, search
8145, 52870, 0, 15.190070, 0.007000, insert
8150, 52873, 0, 15.190135, 0.007000, insert
8155, 52872, 0, 15.190422, 0.004000, search
8160, 52874, 0, 15.190434, 0.007000, insert
8165, 52875, 0, 15.190752, 0.005000, search
8170, 52875, 0, 15.191035, 0.005000, search
8175, 52875, 0, 15.191054, 0.006000, insert
8180, 52875, 0, 15.191357, 0.005000, search
8185, 52875, 0, 15.191660, 0.005000, search
8190, 52877, 0, 15.191633, 0.007000, remove
8195, 52877, 0, 15.191955, 0.004000, search
8200, 52879, 0, 15.192004, 0.007000, insert
8205, 52882, 0, 15.192069, 0.007000, insert
8210, 52882, 0, 15.192372, 0.005000, search
8215, 52882, 0, 15.192693, 0.003000, search
8220, 52885, 0, 15.192701, 0.006000, insert
8225, 52887, 0, 15.192959, 0.005000, search
8230, 52889, 0, 15.193027, 0.007000, insert
8235, 52892, 0, 15.193092, 0.008000, insert
8240, 52894, 0, 15.193122, 0.007000, insert
8245, 52896, 0, 15.193190, 0.007000, insert
8250, 52898, 0, 15.193221, 0.007000, insert
8255, 52900, 0, 15.193270, 0.007000, insert
8260, 52902, 0, 15.193263, 0.007000, insert
8265, 52905, 0, 15.193592, 0.004000, search
8270, 52905, 0, 15.193895, 0.004000, search
8275, 52906, 0, 15.194231, 0.005000, search
8280, 52911, 0, 15.194307, 0.007000, insert
8285, 52915, 0, 15.194349, 0.007000, insert
8290, 52916, 0, 15.194365, 0.006000, insert
8295, 52919, 0, 15.194391, 0.007000, insert
8300, 52920, 0, 15.194709, 0.005000, search
8305, 52920, 0, 15.195011, 0.005000, search
8310, 52921, 0, 15.195348, 0.004000, search
8315, 52924, 0, 15.195431, 0.007000, insert
8320, 52926, 0, 15.195783, 0.004000, search
8325, 52928, 0, 15.195813, 0.008000, insert
8330, 52928, 0, 15.196134, 0.005000, search
8335, 52930, 0, 15.196486, 0.005000, search
8340, 52934, 0, 15.196584, 0.006000, insert
8345, 52935, 0, 15.196921, 0.005000, search
8350, 52937, 0, 15.196970, 0.007000, insert
8355, 52942, 0, 15.197065, 0.007000, insert
8360, 52940, 0, 15.197318, 0.004000, search
8365, 52941, 0, 15.197635, 0.005000, search
8370, 52941, 0, 15.197956, 0.005000, search
8375, 52941, 0, 15.198258, 0.004000, search
8380, 52944, 0, 15.198606, 0.004000, search
8385, 52944, 0, 15.198908, 0.005000, search
8390, 52943, 0, 15.199214, 0.005000, search
8395, 52946, 0, 15.199562, 0.005000, search
8400, 52946, 0, 15.199883, 0.005000, search
8405, 52949, 0, 15.199966, 0.007000, insert
8410, 52950, 0, 15.200302, 0.004000, search
8415, 52955, 0, 15.200378, 0.007000, insert
8420, 52955, 0, 15.200680, 0.005000, search
8425, 52957, 0, 15.201012, 0.004000, search
8430, 52957, 0, 15.201314, 0.004000, search
8435, 52958, 0, 15.201613, 0.005000, search
8440, 52958, 0, 15.201915, 0.004000, search
8445, 52963, 0, 15.202009, 0.007000, insert
8450, 52964, 0, 15.202345, 0.005000, search
8455, 52964, 0, 15.202666, 0.004000, search
8460, 52964, 0, 15.202949, 0.005000, search
8465, 52964, 0, 15.203251, 0.005000, search
8470, 52964, 0, 15.203553, 0.004000, search
8475, 52965, 0, 15.203889, 0.004000, search
8480, 52967, 0, 15.204259, 0.004000, search
8485, 52968, 0, 15.204614, 0.004000, search
8490, 52969, 0, 15.204629, 0.007000, insert
8495, 52969, 0, 15.204950, 0.004000, search
8500, 52971, 0, 15.205263, 0.005000, search
8505, 52974, 0, 15.205289, 0.007000, insert
8510, 52977, 0, 15.205353, 0.008000, insert
8515, 52979, 0, 15.205666, 0.005000, search
8520, 52981, 0, 15.205715, 0.007000, insert
8525, 52981, 0, 15.206036, 0.004000, search
8530, 52983, 0, 15.206066, 0.007000, insert
8535, 52984, 0, 15.206383, 0.004000, search
8540, 52986, 0, 15.206715, 0.004000, search
8545, 52989, 0, 15.206741, 0.007000, insert
8550, 52993, 0, 15.206801, 0.007000, insert
8555, 52995, 0, 15.207152, 0.004000, search
8560, 52994, 0, 15.207174, 0.007000, insert
8565, 52994, 0, 15.207476, 0.005000, search
8570, 52996, 0, 15.207789, 0.005000, search
8575, 52998, 0, 15.208121, 0.004000, search
8580, 53000, 0, 15.208132, 0.007000, insert
8585, 53001, 0, 15.208449, 0.005000, search
8590, 53002, 0, 15.208709, 0.005000, search
8595, 53004, 0, 15.209079, 0.005000, search
8600, 53005, 0, 15.209395, 0.004000, search
8605, 53006, 0, 15.209750, 0.004000, search
8610, 53009, 0, 15.209795, 0.007000, insert
8615, 53009, 0, 15.210096, 0.005000, search
8620, 53011, 0, 15.210145, 0.007000, insert
8625, 53011, 0, 15.210466, 0.005000, search
8630, 53014, 0, 15.210492, 0.007000, insert
8635, 53017, 0, 15.210555, 0.007000, insert
8640, 53020, 0, 15.210562, 0.008000, insert
8645, 53022, 0, 15.210894, 0.004000, search
8650, 53023, 0, 15.210908, 0.007000, insert
8655, 53025, 0, 15.210938, 0.006000, insert
8660, 53023, 0, 15.211210, 0.004000, search
8665, 53026, 0, 15.211274, 0.006000, insert
8670, 53027, 0, 15.211590, 0.004000, search
8675, 53030, 0, 15.211635, 0.007000, insert
8680, 53031, 0, 15.211989, 0.004000, search
8685, 53036, 0, 15.212064, 0.007000, insert
8690, 53038, 0, 15.212093, 0.007000, insert
8695, 53041, 0, 15.212119, 0.007000, insert
8700, 53044, 0, 15.212182, 0.006000, insert
8705, 53047, 0, 15.212265, 0.007000, insert
8710, 53048, 0, 15.212600, 0.004000, search
8715, 53051, 0, 15.212682, 0.007000, insert
8720, 53051, 0, 15.212984, 0.003000, search
8725, 53054, 0, 15.213047, 0.007000, insert
8730, 53055, 0, 15.213363, 0.004000, search
8735, 53059, 0, 15.213442, 0.006000, insert
8740, 53059, 0, 15.213781, 0.004000, search
8745, 53058, 0, 15.214068, 0.005000, search
8750, 53060, 0, 15.214078, 0.007000, insert
8755, 53062, 0, 15.214391, 0.005000, search
8760, 53064, 0, 15.214722, 0.005000, search
8765, 53065, 0, 15.215019, 0.005000, search
8770, 53068, 0, 15.215064, 0.007000, insert
8775, 53072, 0, 15.215142, 0.007000, insert
8780, 53072, 0, 15.215462, 0.004000, search
8785, 53073, 0, 15.215797, 0.004000, search
8790, 53076, 0, 15.215860, 0.007000, insert
8795, 53079, 0, 15.215886, 0.007000, insert
8800, 53083, 0, 15.215964, 0.007000, insert
8805, 53082, 0, 15.216213, 0.005000, search
8810, 53081, 0, 15.216480, 0.004000, search
8815, 53082, 0, 15.216778, 0.004000, search
8820, 53085, 0, 15.217086, 0.005000, search
8825, 53085, 0, 15.217387, 0.005000, search
8830, 53087, 0, 15.217379, 0.007000, insert
8835, 53088, 0, 15.217695, 0.004000, search
8840, 53090, 0, 15.218026, 0.005000, search
8845, 53090, 0, 15.217988, 0.007000, insert
8850, 53092, 0, 15.218037, 0.007000, insert
8855, 53093, 0, 15.218070, 0.007000, insert
8860, 53094, 0, 15.218386, 0.004000, search
8865, 53094, 0, 15.218367, 0.007000, remove
8870, 53094, 0, 15.218349, 0.005000, remove
8875, 53098, 0, 15.218389, 0.007000, insert
8880, 53098, 0, 15.218690, 0.004000, search
8885, 53101, 0, 15.218753, 0.007000, insert
8890, 53104, 0, 15.219098, 0.004000, search
8895, 53107, 0, 15.219142, 0.007000, insert
8900, 53111, 0, 15.219182, 0.007000, insert
8905, 53113, 0, 15.219551, 0.004000, search
8910, 53116, 0, 15.219595, 0.006000, insert
8915, 53114, 0, 15.219565, 0.006000, remove
8920, 53113, 0, 15.219814, 0.004000, search
8925, 53113, 0, 15.219796, 0.007000, insert
8930, 53115, 0, 15.219863, 0.006000, remove
8935, 53116, 0, 15.220178, 0.005000, search
8940, 53117, 0, 15.220476, 0.004000, search
8945, 53119, 0, 15.220787, 0.004000, search
8950, 53122, 0, 15.220831, 0.007000, insert
8955, 53124, 0, 15.220879, 0.007000, insert
8960, 53126, 0, 15.221210, 0.005000, search
8965, 53130, 0, 15.221325, 0.007000, insert
8970, 53131, 0, 15.221660, 0.004000, search
8975, 53133, 0, 15.221689, 0.007000, insert
8980, 53137, 0, 15.221748, 0.008000, insert
8985, 53139, 0, 15.222116, 0.005000, search
8990, 53141, 0, 15.222446, 0.004000, search
8995, 53144, 0, 15.222490, 0.006000, insert
9000, 53147, 0, 15.222553, 0.007000, insert
9005, 53151, 0, 15.222592, 0.007000, insert
9010, 53155, 0, 15.222688, 0.007000, insert
9015, 53156, 0, 15.223004, 0.004000, search
9020, 53158, 0, 15.223033, 0.006000, insert
9025, 53161, 0, 15.223096, 0.007000, insert
9030, 53164, 0, 15.223159, 0.007000, insert
9035, 53165, 0, 15.223474, 0.004000, search
9040, 53168, 0, 15.223499, 0.008000, insert
9045, 53171, 0, 15.223543, 0.006000, insert
9050, 53175, 0, 15.223639, 0.004000, insert
9055, 53176, 0, 15.223954, 0.004000, search
9060, 53176, 0, 15.224236, 0.003000, search
9065, 53181, 0, 15.224328, 0.007000, insert
9070, 53183, 0, 15.224677, 0.004000, search
9075, 53183, 0, 15.224997, 0.005000, search
9080, 53184, 0, 15.225331, 0.004000, search
9085, 53185, 0, 15.225684, 0.005000, search
9090, 53188, 0, 15.225746, 0.007000, insert
9095, 53191, 0, 15.225846, 0.007000, insert
9100, 53191, 0, 15.226166, 0.004000, search
9105, 53193, 0, 15.226496, 0.004000, search
9110, 53196, 0, 15.226840, 0.004000, search
9115, 53201, 0, 15.226932, 0.007000, insert
9120, 53202, 0, 15.227247, 0.005000, search
9125, 53204, 0, 15.227257, 0.008000, insert
9130, 53206, 0, 15.227568, 0.004000, search
9135, 53208, 0, 15.227785, 0.004000, search
9140, 53210, 0, 15.227833, 0.007000, insert
9145, 53211, 0, 15.228167, 0.005000, search
9150, 53212, 0, 15.228482, 0.005000, search
9155, 53215, 0, 15.228545, 0.007000, insert
9160, 53217, 0, 15.228855, 0.004000, search
9165, 53218, 0, 15.228832, 0.007000, insert
9170, 53222, 0, 15.228928, 0.004000, insert
9175, 53224, 0, 15.228957, 0.006000, insert
9180, 53224, 0, 15.229295, 0.004000, search
9185, 53225, 0, 15.229310, 0.007000, insert
9190, 53227, 0, 15.229357, 0.007000, insert
9195, 53230, 0, 15.229457, 0.007000, insert
9200, 53231, 0, 15.229453, 0.006000, insert
9205, 53233, 0, 15.229482, 0.006000, insert
9210, 53236, 0, 15.229544, 0.007000, insert
9215, 53239, 0, 15.229569, 0.007000, insert
9220, 53238, 0, 15.229855, 0.004000, search
9225, 53237, 0, 15.230141, 0.004000, search
9230, 53239, 0, 15.230170, 0.007000, insert
9235, 53240, 0, 15.230466, 0.005000, search
9240, 53242, 0, 15.230495, 0.006000, insert
9245, 53245, 0, 15.230538, 0.007000, insert
9250, 53248, 0, 15.230488, 0.008000, insert
9255, 53251, 0, 15.230700, 0.007000, insert
9260, 53251, 0, 15.230982, 0.005000, search
9265, 53252, 0, 15.231296, 0.005000, search
9270, 53255, 0, 15.231603, 0.004000, search
9275, 53257, 0, 15.231650, 0.007000, insert
9280, 53261, 0, 15.231708, 0.006000, insert
9285, 53264, 0, 15.231808, 0.006000, insert
9290, 53265, 0, 15.232104, 0.005000, search
9295, 53265, 0, 15.232423, 0.005000, search
9300, 53267, 0, 15.232752, 0.005000, search
9305, 53269, 0, 15.232837, 0.007000, insert
9310, 53271, 0, 15.232885, 0.008000, insert
9315, 53274, 0, 15.233191, 0.004000, search
9320, 53278, 0, 15.233305, 0.007000, insert
9325, 53279, 0, 15.233300, 0.007000, insert
9330, 53280, 0, 15.233352, 0.007000, remove
9335, 53283, 0, 15.233414, 0.007000, insert
9340, 53284, 0, 15.233729, 0.004000, search
9345, 53285, 0, 15.234043, 0.004000, search
9350, 53287, 0, 15.234091, 0.007000, insert
9355, 53291, 0, 15.234186, 0.006000, insert
9360, 53293, 0, 15.234233, 0.007000, insert
9365, 53296, 0, 15.234314, 0.007000, insert
9370, 53298, 0, 15.234362, 0.007000, insert
9375, 53301, 0, 15.234461, 0.007000, insert
9380, 53301, 0, 15.234761, 0.004000, search
9385, 53303, 0, 15.234771, 0.007000, insert
9390, 53303, 0, 15.234809, 0.006000, remove
9395, 53302, 0, 15.235094, 0.004000, search
9400, 53303, 0, 15.235390, 0.004000, search
9405, 53304, 0, 15.235348, 0.007000, remove
9410, 53305, 0, 15.235400, 0.006000, insert
9415, 53307, 0, 15.235410, 0.008000, insert
9420, 53309, 0, 15.235457, 0.007000, insert
9425, 53311, 0, 15.235505, 0.006000, insert
9430, 53312, 0, 15.235819, 0.004000, search
9435, 53313, 0, 15.236134, 0.004000, search
9440, 53316, 0, 15.236158, 0.007000, insert
9445, 53320, 0, 15.236253, 0.007000, insert
9450, 53323, 0, 15.236577, 0.005000, search
9455, 53325, 0, 15.236906, 0.004000, search
9460, 53327, 0, 15.236953, 0.007000, insert
9465, 53330, 0, 15.237015, 0.007000, insert
9470, 53333, 0, 15.237376, 0.004000, search
9475, 53334, 0, 15.237372, 0.006000, remove
9480, 53337, 0, 15.237377, 0.006000, insert
9485, 53339, 0, 15.237425, 0.008000, insert
9490, 53341, 0, 15.237453, 0.007000, insert
9495, 53344, 0, 15.237440, 0.006000, insert
9500, 53344, 0, 15.237740, 0.004000, search
9505, 53347, 0, 15.237783, 0.006000, insert
9510, 53348, 0, 15.238116, 0.005000, search
9515, 53351, 0, 15.238177, 0.008000, insert
9520, 53351, 0, 15.238496, 0.004000, search
9525, 53354, 0, 15.238539, 0.006000, insert
9530, 53355, 0, 15.238853, 0.004000, search
9535, 53358, 0, 15.239177, 0.004000, search
9540, 53361, 0, 15.239238, 0.007000, insert
9545, 53364, 0, 15.239281, 0.007000, insert
9550, 53367, 0, 15.239661, 0.004000, search
9555, 53368, 0, 15.239975, 0.005000, search
9560, 53371, 0, 15.239999, 0.007000, insert
9565, 53371, 0, 15.240280, 0.004000, search
9570, 53374, 0, 15.240342, 0.007000, insert
9575, 53375, 0, 15.241199, 0.004000, search
9580, 53378, 0, 15.241541, 0.004000, search
9585, 53379, 0, 15.241574, 0.006000, remove
9590, 53381, 0, 15.241603, 0.007000, insert
9595, 53383, 0, 15.241650, 0.006000, insert
9600, 53386, 0, 15.241749, 0.007000, insert
9605, 53385, 0, 15.242034, 0.004000, search
9610, 53387, 0, 15.242400, 0.004000, search
9615, 53388, 0, 15.242695, 0.004000, search
9620, 53389, 0, 15.243009, 0.004000, search
9625, 53391, 0, 15.243037, 0.008000, insert
9630, 53392, 0, 15.243389, 0.004000, search
9635, 53394, 0, 15.243417, 0.006000, insert
9640, 53397, 0, 15.243478, 0.007000, insert
9645, 53401, 0, 15.243591, 0.007000, insert
9650, 53404, 0, 15.243671, 0.007000, insert
9655, 53404, 0, 15.243989, 0.004000, search
9660, 53406, 0, 15.244036, 0.008000, insert
9665, 53407, 0, 15.244032, 0.007000, remove
9670, 53410, 0, 15.244055, 0.007000, insert
9675, 53413, 0, 15.244079, 0.008000, insert
9680, 53415, 0, 15.244126, 0.006000, insert
9685, 53417, 0, 15.244417, 0.005000, search
9690, 53419, 0, 15.244389, 0.006000, insert
9695, 53423, 0, 15.244464, 0.007000, insert
9700, 53426, 0, 15.244450, 0.007000, insert
9705, 53427, 0, 15.244783, 0.004000, search
9710, 53429, 0, 15.245129, 0.004000, search
9715, 53432, 0, 15.245527, 0.004000, search
9720, 53434, 0, 15.245836, 0.004000, search
9725, 53434, 0, 15.246135, 0.005000, search
9730, 53434, 0, 15.246416, 0.005000, search
9735, 53434, 0, 15.246659, 0.004000, search
9740, 53437, 0, 15.246720, 0.007000, insert
9745, 53440, 0, 15.246800, 0.006000, insert
9750, 53440, 0, 15.247118, 0.006000, search
9755, 53443, 0, 15.247123, 0.013000, remove
9760, 53447, 0, 15.247179, 0.007000, insert
9765, 53446, 0, 15.247465, 0.004000, search
9770, 53445, 0, 15.247750, 0.005000, search
9775, 53444, 0, 15.248035, 0.005000, search
9780, 53446, 0, 15.248063, 0.006000, insert
9785, 53448, 0, 15.248054, 0.007000, insert
9790, 53451, 0, 15.248096, 0.007000, insert
9795, 53452, 0, 15.248092, 0.007000, insert
9800, 53457, 0, 15.248162, 0.007000, insert
9805, 53460, 0, 15.248223, 0.007000, insert
9810, 53462, 0, 15.248270, 0.007000, insert
9815, 53463, 0, 15.248621, 0.005000, search
9820, 53464, 0, 15.248635, 0.006000, insert
9825, 53468, 0, 15.248728, 0.007000, insert
9830, 53470, 0, 15.248756, 0.007000, insert
9835, 53473, 0, 15.248780, 0.007000, insert
9840, 53475, 0, 15.248827, 0.007000, insert
9845, 53478, 0, 15.248850, 0.008000, insert
9850, 53479, 0, 15.248827, 0.006000, insert
9855, 53480, 0, 15.248822, 0.007000, insert
9860, 53481, 0, 15.249154, 0.005000, search
9865, 53485, 0, 15.249247, 0.007000, insert
9870, 53485, 0, 15.249528, 0.004000, search
9875, 53486, 0, 15.249561, 0.007000, insert
9880, 53489, 0, 15.249621, 0.009000, insert
9885, 53489, 0, 15.249902, 0.004000, search
9890, 53489, 0, 15.250145, 0.005000, search
9895, 53490, 0, 15.250458, 0.004000, search
9900, 53489, 0, 15.250724, 0.004000, search
9905, 53493, 0, 15.250818, 0.010000, insert
9910, 53492, 0, 15.251084, 0.005000, search
9915, 53496, 0, 15.251122, 0.006000, insert
9920, 53498, 0, 15.251430, 0.005000, search
9925, 53500, 0, 15.251757, 0.004000, search
9930, 53501, 0, 15.251771, 0.007000, insert
9935, 53500, 0, 15.252056, 0.005000, search
9940, 53502, 0, 15.252402, 0.004000, search
9945, 53503, 0, 15.252434, 0.007000, insert
9950, 53507, 0, 15.252565, 0.008000, insert
9955, 53510, 0, 15.252906, 0.005000, search
9960, 53509, 0, 15.253172, 0.005000, search
9965, 53508, 0, 15.253457, 0.005000, search
9970, 53511, 0, 15.253499, 0.007000, insert
9975, 53516, 0, 15.253588, 0.007000, insert
9980, 53518, 0, 15.253597, 0.006000, insert
9985, 53518, 0, 15.253877, 0.005000, search
9990, 53522, 0, 15.253970, 0.007000, insert
9995, 53524, 0, 15.253998, 0.007000, insert
